vramdump: frames=1784 vblanks=3761 bytes=1048576
--- perf frames=1784 ---
fixes: dwActFixes=00008000 cdrom=SCUS94228
cpu: slices=2526582 int=0 cpu_us=87023171 jit_full=0 jit_part=6142 interp_fb=0 hle=112712 exc=16
wall: wall_us=87059316 vblanks=3761 pal=0 nested=2375681
inside: limit_us=11229737 limit=996 target=1671 spu_us=1446768 spu=46071 out_us=928034 out=46071 hw_us=57352460 hw=4357059 hw_gpu_us=57064424 hw_gpu=1131618
slicecost: sched_us=13085896 jit_us=70718725 post_us=3218549 exit_norm=1072996 exit_irq=1340858
slice: cycles=35912734544 avg=14213 tiny=55593
irq: sio=14424 cdr=892 cdread=6631 gpudma=3595 spudma=2 cdrdma=6136 rcnt=84602
ram: mem1_free_kb=5379 mem2=11151/24575KB peak=11151KB fails=0 null_read=0 heap_ok=1
gpu: tex_hit=524266 miss=24300 resets=3201 loads=0 bytes=0 batches=0
gpu: drawdone=3201 drawdone_us=10048 convert_us=0 present_us=351021
ogx: gc=0 sub_new=1698 sub_hit=546868 skip=556 unaligned=1234 oob=0
ogxskip: b1=556 b2=0 op_empty=0 op_semi=0
ogxupl: semi=1 opaque=1697 mismatch=0
ogxgeom: coord_rej=0
offsoft: prims=27855 rejected=50097 | pad: startpoll=3606 update=3606 ai_calls=3606
sio: write8=21636 start=3606 ctrl16=50484 read8=28848 irq=14424 padtype0=1
ogxoff: prims=53708 tex=52875 off_roi=1 fills=1788 fills_off=0 va=30162 va_roi=3265
ogxva: rect=(512,0)-(1023,255)
ogxva: rect=(512,0)-(1023,511)
ogxva: rect=(734,83)-(787,99)
ogxva: rect=(734,83)-(787,96)
ogxva: rect=(741,78)-(794,99)
ogxva: rect=(789,78)-(794,84)
ogxva: rect=(759,80)-(793,90)
ogxva: rect=(722,97)-(777,110)
ogxop: kind=1 tex=1 rect=(420,250)-(841,7) color=24e6
autoinput: vblank=1 mask=0000 at_present=1
autoinput: vblank=1500 mask=0008 at_present=496
autoinput: vblank=1504 mask=0000 at_present=498
autoinput: vblank=1565 mask=0008 at_present=529
autoinput: vblank=1570 mask=0000 at_present=531
autoinput: vblank=1712 mask=0008 at_present=602
autoinput: vblank=1716 mask=0000 at_present=604
autoinput: vblank=1755 mask=0080 at_present=624
autoinput: vblank=1764 mask=0000 at_present=628
autoinput: vblank=1783 mask=0008 at_present=638
autoinput: vblank=1787 mask=0000 at_present=640
autoinput: vblank=1793 mask=0008 at_present=643
autoinput: vblank=1798 mask=0000 at_present=645
autoinput: vblank=1832 mask=0008 at_present=662
autoinput: vblank=1838 mask=0000 at_present=665
autoinput: vblank=2904 mask=0008 at_present=1260
ptrace: armed_at_present=1721 vblank=3630 prims/semi/fills per present: 0/0/0 2143/32/1 2153/32/1 2149/32/1 2147/32/1 2696/37/2 744/1/1 749/1/1 747/1/1 742/1/1 740/1/1 740/1/1 748/1/1 753/1/1 754/1/1 753/1/1
pt: +0 cmd=f5 ---- abr=0 col=03c000 (0,240)-(0,0)
pt: +1 cmd=f8 ---- abr=0 col=000002 (0,0)-(0,0)
pt: +1 cmd=e3 ---- abr=0 col=002000 (0,8)-(0,0)
pt: +1 cmd=e4 ---- abr=0 col=039dff (511,231)-(0,0)
pt: +1 cmd=e5 ---- abr=0 col=000000 (0,0)-(0,0)
pt: +1 cmd=02 ---- abr=0 col=44ba52 (0,8)-(512,232)
pt: +1 cmd=01 ---- abr=0 col=000000 (0,8)-(512,232)
pt: +1 cmd=30 ---G abr=0 col=c4b3ff (490,6)-(588,16)
pt: +1 cmd=30 ---G abr=0 col=e1c9ff (488,6)-(588,16)
pt: +1 cmd=30 ---G abr=0 col=e1c9ff (488,6)-(588,14)
pt: +1 cmd=30 ---G abr=0 col=e1c9ff (496,22)-(571,29)
pt: +1 cmd=30 ---G abr=0 col=c4b3ff (460,-19)-(737,7)
pt: +1 cmd=30 ---G abr=0 col=c4b3ff (460,-19)-(737,7)
pt: +1 cmd=30 ---G abr=0 col=c4b3ff (499,-19)-(737,3)
pt: +1 cmd=30 ---G abr=0 col=c4b3ff (490,12)-(553,18)
pt: +1 cmd=30 ---G abr=0 col=c4b3ff (507,12)-(553,18)
pt: +1 cmd=30 ---G abr=0 col=e1c9ff (496,26)-(571,31)
pt: +1 cmd=30 ---G abr=0 col=e1c9ff (484,18)-(551,22)
pt: +1 cmd=30 ---G abr=0 col=c4b3ff (484,18)-(569,22)
pt: +1 cmd=30 ---G abr=0 col=e1c9ff (484,22)-(569,29)
pt: +1 cmd=30 ---G abr=0 col=c4b3ff (497,-10)-(627,3)
pt: +1 cmd=30 ---G abr=0 col=fac5fe (497,-13)-(627,1)
pt: +1 cmd=30 ---G abr=0 col=fac5fe (497,-23)-(619,1)
pt: +1 cmd=30 ---G abr=0 col=e1c9ff (496,29)-(552,31)
pt: +1 cmd=30 ---G abr=0 col=ffb9ef (509,36)-(544,42)
pt: +1 cmd=30 ---G abr=0 col=ffb9ef (496,31)-(552,33)
pt: +1 cmd=30 ---G abr=0 col=ffb9ef (509,31)-(552,36)
pt: +1 cmd=30 ---G abr=0 col=cc9aff (509,31)-(552,36)
pt: +1 cmd=30 ---G abr=0 col=ffb9ef (509,35)-(544,39)
pt: +1 cmd=30 ---G abr=0 col=ffe5d5 (259,43)-(284,47)
pt: +1 cmd=30 ---G abr=0 col=e1c9ff (450,12)-(488,14)
pt: +1 cmd=30 ---G abr=0 col=e1c9ff (488,9)-(523,14)
pt: +1 cmd=20 ---- abr=0 col=e1c9ff (510,6)-(537,9)
pt: +1 cmd=30 ---G abr=0 col=fac5fe (386,8)-(422,12)
pt: +1 cmd=20 ---- abr=0 col=e1c9ff (503,6)-(512,9)
pt: +1 cmd=30 ---G abr=0 col=ffe5d5 (358,47)-(394,49)
pt: +1 cmd=30 ---G abr=0 col=c4b3ff (449,14)-(490,18)
pt: +1 cmd=30 ---G abr=0 col=c7e3ff (310,30)-(332,41)
pt: +1 cmd=30 ---G abr=0 col=c4b3ff (293,30)-(332,41)
pt: +1 cmd=30 ---G abr=0 col=c7e3ff (310,40)-(331,44)
pt: +1 cmd=30 ---G abr=0 col=c4b3ff (313,40)-(332,44)
pt: +1 cmd=30 ---G abr=0 col=ffb9ef (313,44)-(346,46)
pt: +1 cmd=30 ---G abr=0 col=ffe5d5 (313,44)-(346,47)
pt: +1 cmd=30 ---G abr=0 col=c4b3ff (488,9)-(523,12)
pt: +1 cmd=30 ---G abr=0 col=ffb9ef (264,43)-(313,47)
pt: +1 cmd=30 ---G abr=0 col=c4b3ff (271,34)-(293,38)
pt: +1 cmd=30 ---G abr=0 col=c7e3ff (264,41)-(313,44)
pt: +1 cmd=30 ---G abr=0 col=c7e3ff (290,41)-(313,44)
pt: +1 cmd=30 ---G abr=0 col=c7e3ff (284,34)-(310,41)
pt: +1 cmd=30 ---G abr=0 col=ffb9ef (291,30)-(332,34)
pt: +1 cmd=30 ---G abr=0 col=c4b3ff (291,28)-(332,31)
pt: +1 cmd=30 ---G abr=0 col=c4b3ff (270,28)-(303,31)
pt: +1 cmd=30 ---G abr=0 col=c7e3ff (284,38)-(310,41)
pt: +1 cmd=30 ---G abr=0 col=ffb9ef (264,38)-(290,43)
pt: +1 cmd=30 ---G abr=0 col=cfe5ff (270,25)-(303,29)
pt: +1 cmd=30 ---G abr=0 col=ffb9ef (245,38)-(284,43)
pt: +1 cmd=30 ---G abr=0 col=ffb9ef (219,38)-(284,41)
pt: +1 cmd=30 ---G abr=0 col=ffb9ef (218,38)-(284,41)
pt: +1 cmd=30 ---G abr=0 col=fe9cdf (257,15)-(338,18)
pt: +1 cmd=20 ---- abr=0 col=ffb9ef (274,14)-(338,16)
pt: +1 cmd=20 ---- abr=0 col=ffb9ef (274,14)-(338,15)
pt: +1 cmd=30 ---G abr=0 col=ffb9ef (320,11)-(367,15)
pt: +1 cmd=30 ---G abr=0 col=ffb9ef (338,11)-(389,15)
pt: +1 cmd=30 ---G abr=0 col=fac5fe (367,11)-(389,13)
pt: +1 cmd=30 ---G abr=0 col=fac5fe (367,7)-(417,12)
pt: +1 cmd=30 ---G abr=0 col=fac5fe (310,5)-(355,7)
pt: +1 cmd=30 ---G abr=0 col=c7e3ff (343,4)-(368,7)
pt: +1 cmd=30 ---G abr=0 col=fac5fe (327,4)-(355,7)
pt: +1 cmd=30 ---G abr=0 col=c7e3ff (355,5)-(402,7)
pt: +1 cmd=30 ---G abr=0 col=c0eaff (355,5)-(426,7)
pt: +1 cmd=30 ---G abr=0 col=fac5fe (355,5)-(426,7)
pt: +1 cmd=30 ---G abr=0 col=fac5fe (355,7)-(417,11)
pt: +1 cmd=30 ---G abr=0 col=ffb9ef (320,7)-(367,14)
pt: +1 cmd=30 ---G abr=0 col=ffb9ef (274,7)-(355,14)
pt: +1 cmd=30 ---G abr=0 col=fac5fe (245,7)-(355,14)
pt: +1 cmd=30 ---G abr=0 col=fac5fe (230,7)-(355,12)
pt: +1 cmd=30 ---G abr=0 col=fac5fe (230,7)-(355,11)
pt: +1 cmd=30 ---G abr=0 col=fac5fe (242,6)-(355,9)
pt: +1 cmd=30 ---G abr=0 col=ffb9ef (374,36)-(396,39)
pt: +1 cmd=30 ---G abr=0 col=c4b3ff (218,36)-(284,38)
pt: +1 cmd=30 ---G abr=0 col=c4daff (385,37)-(429,39)
pt: +1 cmd=30 ---G abr=0 col=c4b3ff (385,39)-(429,42)
pt: +1 cmd=30 ---G abr=0 col=c4b3ff (385,39)-(408,45)
pt: +1 cmd=30 ---G abr=0 col=ffb9ef (358,39)-(390,47)
pt: +1 cmd=30 ---G abr=0 col=ffb9ef (346,39)-(385,47)
pt: +1 cmd=30 ---G abr=0 col=c4b3ff (332,39)-(385,46)
pt: +1 cmd=30 ---G abr=0 col=c7e3ff (331,39)-(385,44)
pt: +1 cmd=20 ---- abr=0 col=c7e3ff (331,38)-(385,40)
pt: +1 cmd=30 ---G abr=0 col=c4b3ff (344,36)-(385,39)
pt: +1 cmd=30 ---G abr=0 col=c4b3ff (239,36)-(284,38)
pt: +1 cmd=30 ---G abr=0 col=c4b3ff (338,13)-(389,16)
pt: +1 cmd=30 ---G abr=0 col=c4b3ff (382,13)-(445,16)
pt: +1 cmd=30 ---G abr=0 col=e1c9ff (382,14)-(488,16)
pt: +1 cmd=30 ---G abr=0 col=c4b3ff (382,14)-(488,18)
pt: +1 cmd=30 ---G abr=0 col=ffb9ef (382,16)-(449,23)
pt: +1 cmd=30 ---G abr=0 col=c4b3ff (323,16)-(392,26)
pt: +1 cmd=30 ---G abr=0 col=cfe5ff (272,16)-(382,26)
pt: +1 cmd=30 ---G abr=0 col=fec5fe (230,16)-(382,25)
pt: +1 cmd=30 ---G abr=0 col=fe9cdf (230,16)-(382,22)
pt: +1 cmd=30 ---G abr=0 col=ffb9ef (257,15)-(382,18)
pt: +1 cmd=30 ---G abr=0 col=c4b3ff (303,26)-(332,30)
pt: +1 cmd=30 ---G abr=0 col=fec5fe (323,26)-(374,30)
pt: +1 cmd=30 ---G abr=0 col=c4b3ff (374,31)-(403,36)
pt: +1 cmd=30 ---G abr=0 col=cfe5ff (272,25)-(323,28)
pt: +1 cmd=30 ---G abr=0 col=e1c9ff (374,33)-(403,37)
pt: +1 cmd=30 ---G abr=0 col=e1c9ff (396,32)-(447,37)
pt: +1 cmd=30 ---G abr=0 col=c4b3ff (323,23)-(392,27)
pt: +1 cmd=30 ---G abr=0 col=c4b3ff (332,27)-(376,31)
pt: +1 cmd=30 ---G abr=0 col=ffb9ef (252,29)-(291,31)
pt: +1 cmd=30 ---G abr=0 col=c4b3ff (332,30)-(376,36)
pt: +1 cmd=30 ---G abr=0 col=c4b3ff (252,31)-(293,34)
pt: +1 cmd=30 ---G abr=0 col=c4b3ff (252,31)-(293,36)
pt: +1 cmd=30 ---G abr=0 col=ffb9ef (392,18)-(459,23)
pt: +1 cmd=30 ---G abr=0 col=c4b3ff (449,16)-(490,20)
pt: +1 cmd=30 ---G abr=0 col=c4b3ff (459,18)-(507,22)
pt: +1 cmd=30 ---G abr=0 col=e1c9ff (459,16)-(507,20)
pt: +1 cmd=30 ---G abr=0 col=e1c9ff (447,22)-(496,32)
pt: +1 cmd=30 ---G abr=0 col=e1c9ff (403,22)-(484,33)
pt: +1 cmd=30 ---G abr=0 col=c4b3ff (376,22)-(484,33)
pt: +1 cmd=30 ---G abr=0 col=fec5fe (374,22)-(484,31)
pt: +1 cmd=30 ---G abr=0 col=ffb9ef (374,22)-(484,27)
pt: +1 cmd=30 ---G abr=0 col=e1c9ff (392,20)-(484,23)
pt: +1 cmd=30 ---G abr=0 col=c7e3ff (332,30)-(374,38)
pt: +1 cmd=30 ---G abr=0 col=c7e3ff (331,30)-(344,40)
pt: +1 cmd=30 ---G abr=0 col=c4b3ff (284,44)-(313,48)
pt: +1 cmd=30 ---G abr=0 col=c4b3ff (306,44)-(334,48)
pt: +1 cmd=30 ---G abr=0 col=ffb9ef (237,-5)-(308,6)
pt: +1 cmd=30 ---G abr=0 col=fac5fe (268,-12)-(395,1)
pt: +1 cmd=30 ---G abr=0 col=fac5fe (327,1)-(343,5)
pt: +1 cmd=30 ---G abr=0 col=fe9cdf (257,16)-(283,18)
pt: +1 cmd=30 ---G abr=0 col=ffb9ef (334,46)-(358,47)
pt: +1 cmd=30 ---G abr=0 col=fac5fe (237,6)-(310,9)
pt: +1 cmd=30 ---G abr=0 col=fe9cdf (258,15)-(283,16)
pt: +1 cmd=30 ---G abr=0 col=c4b3ff (443,3)-(499,8)
pt: +1 cmd=30 ---G abr=0 col=e1c9ff (460,6)-(512,7)
pt: +1 cmd=30 ---G abr=0 col=e1c9ff (443,7)-(503,8)
pt: +1 cmd=30 ---G abr=0 col=fac5fe (443,1)-(499,8)
pt: +1 cmd=30 ---G abr=0 col=ffb9ef (237,4)-(310,6)
pt: +1 cmd=20 ---- abr=0 col=ffb9ef (269,14)-(283,16)
pt: +1 cmd=30 ---G abr=0 col=c4b3ff (488,7)-(510,12)
pt: +1 cmd=30 ---G abr=0 col=ffb9ef (343,-12)-(395,2)
pt: +1 cmd=30 ---G abr=0 col=fac5fe (368,-12)-(440,4)
pt: +1 cmd=30 ---G abr=0 col=fac5fe (443,7)-(503,12)
pt: +1 cmd=30 ---G abr=0 col=fac5fe (443,8)-(488,12)
pt: +1 cmd=30 ---G abr=0 col=fac5fe (308,4)-(327,6)
pt: +1 cmd=30 ---G abr=0 col=ffb9ef (308,1)-(343,5)
pt: +1 cmd=20 ---- abr=0 col=fac5fe (422,4)-(443,8)
pt: +1 cmd=30 ---G abr=0 col=fac5fe (440,-23)-(561,4)
pt: +1 cmd=30 ---G abr=0 col=fac5fe (422,8)-(450,12)
pt: +1 cmd=30 ---G abr=0 col=ffb9ef (268,-5)-(343,4)
pt: +1 cmd=30 ---G abr=0 col=fac5fe (395,8)-(450,12)
pt: +1 cmd=20 ---- abr=0 col=fac5fe (440,1)-(497,8)
pt: +1 cmd=30 ---G abr=0 col=f4aedc (395,-23)-(561,4)
pt: +1 cmd=20 ---- abr=0 col=c4b3ff (386,11)-(395,13)
pt: +1 cmd=30 ---G abr=0 col=c0eaff (417,4)-(440,7)
pt: +1 cmd=20 ---- abr=0 col=fac5fe (417,4)-(440,8)
pt: +1 cmd=30 ---G abr=0 col=fac5fe (386,7)-(422,12)
pt: +1 cmd=30 ---G abr=0 col=ffc2c9 (394,39)-(441,47)
pt: +1 cmd=30 ---G abr=0 col=c4b3ff (408,39)-(441,42)
pt: +1 cmd=30 ---G abr=0 col=ffb9ef (420,37)-(441,39)
pt: +1 cmd=30 ---G abr=0 col=c4daff (396,37)-(429,39)
pt: +1 cmd=30 ---G abr=0 col=c4b3ff (395,11)-(450,14)
pt: +1 cmd=30 ---G abr=0 col=c4b3ff (445,12)-(488,14)
pt: +1 cmd=30 ---G abr=0 col=ffb9ef (420,32)-(452,37)
pt: +1 cmd=30 ---G abr=0 col=ffb9ef (447,31)-(496,34)
pt: +1 cmd=30 ---G abr=0 col=e1c9ff (447,29)-(496,32)
pt: +1 cmd=30 ---G abr=0 col=ffc2c9 (386,47)-(411,49)
pt: +1 cmd=30 ---G abr=0 col=ffb9ef (394,39)-(441,48)
pt: +1 cmd=30 ---G abr=0 col=ffb9ef (411,39)-(447,48)
pt: +1 cmd=30 ---G abr=0 col=ffb9ef (441,39)-(479,46)
pt: +1 cmd=30 ---G abr=0 col=ffb9ef (441,34)-(479,43)
pt: +1 cmd=20 ---- abr=0 col=ffb9ef (420,34)-(452,39)
pt: +1 cmd=30 ---G abr=0 col=ffb9ef (452,31)-(496,43)
pt: +1 cmd=30 ---G abr=0 col=ffb9ef (479,31)-(509,43)
pt: +1 cmd=30 ---G abr=0 col=ffb9ef (479,36)-(519,43)
pt: +1 cmd=20 ---- abr=0 col=ffb9ef (496,31)-(528,36)
pt: +1 cmd=20 ---- abr=0 col=e1c9ff (510,7)-(537,9)
pt: +1 cmd=30 ---G abr=0 col=ffb9ef (396,32)-(447,37)
pt: +1 cmd=30 ---G abr=0 col=fac5fe (343,1)-(368,5)
pt: +1 cmd=30 ---G abr=0 col=ffb9ef (343,1)-(368,5)
pt: +1 cmd=30 ---G abr=0 col=c7e3ff (368,2)-(402,5)
pt: +1 cmd=30 ---G abr=0 col=fac5fe (368,2)-(440,5)
pt: +1 cmd=30 ---G abr=0 col=c7e3ff (402,4)-(440,5)
pt: +1 cmd=30 ---G abr=0 col=ffb9ef (358,45)-(394,47)
pt: +1 cmd=20 ---- abr=0 col=c4b3ff (389,11)-(445,14)
pt: +1 cmd=30 ---G abr=0 col=c4b3ff (390,42)-(408,47)
pt: +1 cmd=30 ---G abr=0 col=ffef96 (438,77)-(603,84)
pt: +1 cmd=30 ---G abr=0 col=ffef96 (438,80)-(603,88)
pt: +1 cmd=30 ---G abr=0 col=ffffc5 (439,43)-(479,77)
pt: +1 cmd=30 ---G abr=0 col=ffe5d5 (439,42)-(519,77)
pt: +1 cmd=30 ---G abr=0 col=ffffc5 (439,42)-(603,80)
pt: +1 cmd=30 ---G abr=0 col=3ed379 (187,64)-(215,71)
pt: +1 cmd=30 ---G abr=0 col=30963f (160,67)-(193,71)
pt: +1 cmd=30 ---G abr=0 col=3ed379 (174,64)-(193,71)
pt: +1 cmd=30 ---G abr=0 col=ffffc5 (321,77)-(439,84)
pt: +1 cmd=30 ---G abr=0 col=ffffc5 (321,76)-(439,82)
pt: +1 cmd=30 ---G abr=0 col=ffef96 (215,70)-(321,82)
pt: +1 cmd=30 ---G abr=0 col=ffffc5 (187,64)-(321,76)
pt: +1 cmd=20 ---- abr=0 col=ffe5d5 (176,47)-(205,64)
pt: +1 cmd=20 ---- abr=0 col=ffe5d5 (187,44)-(228,64)
pt: +1 cmd=20 ---- abr=0 col=ffe5d5 (187,44)-(259,64)
pt: +1 cmd=20 ---- abr=0 col=ffe5d5 (187,45)-(284,64)
pt: +1 cmd=30 ---G abr=0 col=ffe5d5 (187,50)-(321,76)
pt: +1 cmd=30 ---G abr=0 col=ffe5d5 (284,50)-(321,76)
pt: +1 cmd=30 ---G abr=0 col=ffe5d5 (306,51)-(334,76)
pt: +1 cmd=30 ---G abr=0 col=ffe5d5 (321,50)-(358,76)
pt: +1 cmd=30 ---G abr=0 col=ffe5d5 (321,49)-(386,76)
pt: +1 cmd=30 ---G abr=0 col=ffe5d5 (259,45)-(284,50)
pt: +1 cmd=30 ---G abr=0 col=ffb9ef (284,47)-(306,50)
pt: +1 cmd=30 ---G abr=0 col=ffe5d5 (284,48)-(306,51)
pt: +1 cmd=30 ---G abr=0 col=ffb9ef (306,47)-(334,51)
pt: +1 cmd=20 ---- abr=0 col=ffe5d5 (306,47)-(334,51)
pt: +1 cmd=30 ---G abr=0 col=ffe5d5 (334,47)-(358,51)
pt: +1 cmd=30 ---G abr=0 col=ffe5d5 (334,47)-(358,51)
pt: +1 cmd=30 ---G abr=0 col=ffe5d5 (358,47)-(386,50)
pt: +1 cmd=30 ---G abr=0 col=ffffc5 (321,49)-(439,77)
pt: +1 cmd=30 ---G abr=0 col=ffffc5 (386,48)-(439,77)
pt: +1 cmd=30 ---G abr=0 col=ffffc5 (411,46)-(447,77)
pt: +1 cmd=20 ---- abr=0 col=ffe5d5 (-13,51)-(16,54)
pt: +1 cmd=30 ---G abr=0 col=ffe5d5 (-25,52)-(7,54)
pt: +1 cmd=30 ---G abr=0 col=ffe5d5 (-25,54)-(7,59)
pt: +1 cmd=30 ---G abr=0 col=c4daff (-11,-2)-(3,2)
pt: +1 cmd=30 ---G abr=0 col=c4daff (-1,-2)-(15,1)
pt: +1 cmd=30 ---G abr=0 col=bcc0ff (3,-1)-(30,1)
pt: +1 cmd=20 ---- abr=0 col=bcc0ff (15,-1)-(38,1)
pt: +1 cmd=30 ---G abr=0 col=fed5fe (-32,40)-(1,42)
pt: +1 cmd=30 ---G abr=0 col=fed5fe (-6,40)-(21,43)
pt: +1 cmd=30 ---G abr=0 col=ddf8ff (-4,34)-(39,37)
pt: +1 cmd=30 ---G abr=0 col=cfe5ff (-20,20)-(21,24)
pt: +1 cmd=30 ---G abr=0 col=ccd9ff (-29,24)-(9,32)
pt: +1 cmd=30 ---G abr=0 col=cfe5ff (-48,32)-(15,37)
pt: +1 cmd=30 ---G abr=0 col=bcc0ff (-48,32)-(15,40)
pt: +1 cmd=30 ---G abr=0 col=bcc0ff (-48,32)-(1,41)
pt: +1 cmd=30 ---G abr=0 col=c4b3ff (-29,29)-(9,34)
pt: +1 cmd=30 ---G abr=0 col=c4b3ff (-4,32)-(31,34)
pt: +1 cmd=30 ---G abr=0 col=ddf8ff (-4,34)-(39,37)
pt: +1 cmd=30 ---G abr=0 col=c4b3ff (-47,13)-(31,20)
pt: +1 cmd=30 ---G abr=0 col=bcc0ff (-20,20)-(31,23)
pt: +1 cmd=30 ---G abr=0 col=ffbbeb (-47,13)-(31,20)
pt: +1 cmd=30 ---G abr=0 col=fed5fe (-13,42)-(16,52)
pt: +1 cmd=30 ---G abr=0 col=ffb9ef (245,41)-(264,45)
pt: +1 cmd=20 ---- abr=0 col=ffb9ef (153,35)-(185,39)
pt: +1 cmd=30 ---G abr=0 col=fe9cdf (158,14)-(178,17)
pt: +1 cmd=30 ---G abr=0 col=ffb9ef (178,15)-(213,22)
pt: +1 cmd=30 ---G abr=0 col=fe9cdf (182,15)-(257,22)
pt: +1 cmd=30 ---G abr=0 col=c4b3ff (182,22)-(230,26)
pt: +1 cmd=30 ---G abr=0 col=c4b3ff (182,22)-(227,26)
pt: +1 cmd=30 ---G abr=0 col=e1c9ff (153,22)-(195,30)
pt: +1 cmd=30 ---G abr=0 col=cfe5ff (153,21)-(182,30)
pt: +1 cmd=30 ---G abr=0 col=c4b3ff (227,25)-(272,29)
pt: +1 cmd=30 ---G abr=0 col=fe9cdf (158,17)-(182,22)
pt: +1 cmd=30 ---G abr=0 col=fe9cdf (158,17)-(182,22)
pt: +1 cmd=20 ---- abr=0 col=ffb9ef (181,11)-(213,15)
pt: +1 cmd=30 ---G abr=0 col=fe9cdf (178,14)-(213,17)
pt: +1 cmd=30 ---G abr=0 col=fac5fe (158,14)-(190,17)
pt: +1 cmd=30 ---G abr=0 col=ffb9ef (151,10)-(190,14)
pt: +1 cmd=20 ---- abr=0 col=ffb9ef (151,10)-(190,14)
pt: +1 cmd=30 ---G abr=0 col=fec5fe (182,18)-(257,22)
pt: +1 cmd=30 ---G abr=0 col=c4b3ff (227,26)-(270,31)
pt: +1 cmd=30 ---G abr=0 col=fec5fe (227,22)-(272,26)
pt: +1 cmd=30 ---G abr=0 col=c4b3ff (239,31)-(271,36)
pt: +1 cmd=30 ---G abr=0 col=ffb9ef (185,31)-(252,36)
pt: +1 cmd=20 ---- abr=0 col=ffb9ef (185,36)-(219,41)
pt: +1 cmd=30 ---G abr=0 col=ffb9ef (153,31)-(252,36)
pt: +1 cmd=30 ---G abr=0 col=e1c9ff (153,30)-(252,35)
pt: +1 cmd=30 ---G abr=0 col=c4b3ff (153,26)-(252,31)
pt: +1 cmd=30 ---G abr=0 col=c4b3ff (195,26)-(252,31)
pt: +1 cmd=30 ---G abr=0 col=ffb9ef (185,36)-(239,38)
pt: +1 cmd=30 ---G abr=0 col=ffd2ea (138,-15)-(183,9)
pt: +1 cmd=30 ---G abr=0 col=ffb9ef (138,-15)-(237,10)
pt: +1 cmd=30 ---G abr=0 col=ffd5db (138,-15)-(217,10)
pt: +1 cmd=30 ---G abr=0 col=ffb9ef (150,9)-(181,11)
pt: +1 cmd=30 ---G abr=0 col=ffd5db (150,8)-(183,11)
pt: +1 cmd=30 ---G abr=0 col=ffb9ef (181,8)-(213,15)
pt: +1 cmd=30 ---G abr=0 col=ffb9ef (245,12)-(274,15)
pt: +1 cmd=30 ---G abr=0 col=fac5fe (217,13)-(258,18)
pt: +1 cmd=30 ---G abr=0 col=ffb9ef (217,10)-(241,13)
pt: +1 cmd=30 ---G abr=0 col=fac5fe (217,9)-(242,11)
pt: +1 cmd=30 ---G abr=0 col=ffb9ef (217,6)-(242,10)
pt: +1 cmd=30 ---G abr=0 col=ffb9ef (213,13)-(257,18)
pt: +1 cmd=30 ---G abr=0 col=ffd5db (183,8)-(217,15)
pt: +1 cmd=30 ---G abr=0 col=fac5fe (230,11)-(245,13)
pt: +1 cmd=30 ---G abr=0 col=ffb9ef (241,12)-(269,15)
pt: +1 cmd=30 ---G abr=0 col=ffb9ef (217,10)-(241,13)
pt: +1 cmd=30 ---G abr=0 col=ffb9ef (241,13)-(269,16)
pt: +1 cmd=30 ---G abr=0 col=ffd2ea (138,-15)-(268,6)
pt: +1 cmd=30 ---G abr=0 col=ffd5db (183,8)-(217,13)
pt: +1 cmd=30 ---G abr=0 col=fac5fe (217,13)-(258,16)
pt: +1 cmd=30 ---G abr=0 col=ffd5db (115,-8)-(127,1)
pt: +1 cmd=30 ---G abr=0 col=ffd5db (125,-8)-(132,2)
pt: +1 cmd=30 ---G abr=0 col=ffd2ea (98,1)-(132,2)
pt: +1 cmd=30 ---G abr=0 col=ffd5db (98,2)-(132,4)
pt: +1 cmd=30 ---G abr=0 col=ffcce0 (97,2)-(112,4)
pt: +1 cmd=30 ---G abr=0 col=c4b3ff (97,4)-(112,6)
pt: +1 cmd=30 ---G abr=0 col=c4b3ff (109,4)-(151,10)
pt: +1 cmd=30 ---G abr=0 col=fabdfe (112,4)-(151,10)
pt: +1 cmd=30 ---G abr=0 col=ffd5db (112,2)-(150,9)
pt: +1 cmd=30 ---G abr=0 col=ffd5db (132,-15)-(150,9)
pt: +1 cmd=30 ---G abr=0 col=ffd5db (127,-15)-(138,2)
pt: +1 cmd=30 ---G abr=0 col=ffe5d5 (-6,42)-(66,47)
pt: +1 cmd=30 ---G abr=0 col=ffe5d5 (21,43)-(66,47)
pt: +1 cmd=30 ---G abr=0 col=ffe5d5 (54,41)-(66,47)
pt: +1 cmd=30 ---G abr=0 col=efd4ff (61,41)-(75,47)
pt: +1 cmd=30 ---G abr=0 col=efd4ff (39,37)-(75,41)
pt: +1 cmd=30 ---G abr=0 col=fed5fe (39,37)-(91,41)
pt: +1 cmd=30 ---G abr=0 col=ffcce0 (31,34)-(91,40)
pt: +1 cmd=30 ---G abr=0 col=ffcce0 (31,34)-(91,40)
pt: +1 cmd=30 ---G abr=0 col=fed5fe (91,35)-(124,40)
pt: +1 cmd=30 ---G abr=0 col=ffcce0 (91,35)-(124,37)
pt: +1 cmd=30 ---G abr=0 col=c4b3ff (97,34)-(124,35)
pt: +1 cmd=30 ---G abr=0 col=ffb9ef (123,34)-(154,39)
pt: +1 cmd=30 ---G abr=0 col=fec5fe (123,34)-(154,39)
pt: +1 cmd=20 ---- abr=0 col=c4b3ff (86,4)-(109,6)
pt: +1 cmd=30 ---G abr=0 col=ffcce0 (86,2)-(98,4)
pt: +1 cmd=30 ---G abr=0 col=cfe5ff (119,17)-(158,21)
pt: +1 cmd=30 ---G abr=0 col=ddf8ff (82,11)-(158,18)
pt: +1 cmd=30 ---G abr=0 col=fe9cdf (82,11)-(158,17)
pt: +1 cmd=30 ---G abr=0 col=ddf8ff (61,11)-(119,18)
pt: +1 cmd=30 ---G abr=0 col=cfe5ff (109,18)-(158,23)
pt: +1 cmd=30 ---G abr=0 col=c4b3ff (-1,23)-(55,26)
pt: +1 cmd=30 ---G abr=0 col=bcc0ff (-1,24)-(55,29)
pt: +1 cmd=30 ---G abr=0 col=c4b3ff (-1,24)-(50,32)
pt: +1 cmd=30 ---G abr=0 col=bcc0ff (38,-1)-(86,4)
pt: +1 cmd=30 ---G abr=0 col=c4b3ff (74,2)-(98,4)
pt: +1 cmd=30 ---G abr=0 col=c4b3ff (50,29)-(97,35)
pt: +1 cmd=30 ---G abr=0 col=ffcce0 (63,33)-(97,37)
pt: +1 cmd=30 ---G abr=0 col=ffcce0 (31,33)-(91,37)
pt: +1 cmd=30 ---G abr=0 col=c4b3ff (9,32)-(63,34)
pt: +1 cmd=30 ---G abr=0 col=bcc0ff (9,29)-(63,33)
pt: +1 cmd=30 ---G abr=0 col=efd4ff (39,37)-(61,41)
pt: +1 cmd=30 ---G abr=0 col=ffe5d5 (43,40)-(61,45)
pt: +1 cmd=30 ---G abr=0 col=fed5fe (21,40)-(54,45)
pt: +1 cmd=30 ---G abr=0 col=bcc0ff (1,40)-(43,43)
pt: +1 cmd=30 ---G abr=0 col=cfe5ff (1,37)-(43,40)
pt: +1 cmd=30 ---G abr=0 col=fed5fe (15,37)-(43,40)
pt: +1 cmd=30 ---G abr=0 col=cfe5ff (109,21)-(158,28)
pt: +1 cmd=30 ---G abr=0 col=e1c9ff (115,21)-(158,30)
pt: +1 cmd=30 ---G abr=0 col=ffb9ef (115,28)-(153,35)
pt: +1 cmd=30 ---G abr=0 col=fec5fe (115,28)-(153,35)
pt: +1 cmd=30 ---G abr=0 col=c4b3ff (97,28)-(123,35)
pt: +1 cmd=30 ---G abr=0 col=bcc0ff (50,28)-(115,35)
pt: +1 cmd=30 ---G abr=0 col=c4b3ff (50,26)-(115,29)
pt: +1 cmd=30 ---G abr=0 col=cfe5ff (55,24)-(115,28)
pt: +1 cmd=30 ---G abr=0 col=ffbbeb (51,20)-(115,28)
pt: +1 cmd=30 ---G abr=0 col=ffbbeb (51,20)-(115,28)
pt: +1 cmd=30 ---G abr=0 col=c4b3ff (75,20)-(115,28)
pt: +1 cmd=30 ---G abr=0 col=ffd2ea (66,-5)-(125,1)
pt: +1 cmd=30 ---G abr=0 col=ffcce0 (66,-4)-(125,2)
pt: +1 cmd=30 ---G abr=0 col=c4b3ff (66,-4)-(98,2)
pt: +1 cmd=30 ---G abr=0 col=bcc0ff (38,-4)-(74,2)
pt: +1 cmd=30 ---G abr=0 col=cfe5ff (110,13)-(158,17)
pt: +1 cmd=30 ---G abr=0 col=c4b3ff (86,4)-(109,7)
pt: +1 cmd=30 ---G abr=0 col=ffb9ef (100,6)-(151,10)
pt: +1 cmd=30 ---G abr=0 col=fac5fe (100,7)-(158,14)
pt: +1 cmd=30 ---G abr=0 col=cfe5ff (100,7)-(158,14)
pt: +1 cmd=30 ---G abr=0 col=ddf8ff (82,7)-(110,13)
pt: +1 cmd=30 ---G abr=0 col=c4daff (51,7)-(100,11)
pt: +1 cmd=30 ---G abr=0 col=c4daff (3,1)-(100,9)
pt: +1 cmd=30 ---G abr=0 col=bcc0ff (3,1)-(100,7)
pt: +1 cmd=30 ---G abr=0 col=bcc0ff (30,-1)-(100,7)
pt: +1 cmd=30 ---G abr=0 col=c4b3ff (38,-1)-(100,7)
pt: +1 cmd=30 ---G abr=0 col=c4b3ff (21,20)-(59,24)
pt: +1 cmd=30 ---G abr=0 col=cfe5ff (21,23)-(59,26)
pt: +1 cmd=30 ---G abr=0 col=c4b3ff (31,20)-(59,24)
pt: +1 cmd=30 ---G abr=0 col=ffbbeb (-4,14)-(51,20)
pt: +1 cmd=30 ---G abr=0 col=ddf8ff (-11,1)-(51,9)
pt: +1 cmd=30 ---G abr=0 col=c4daff (-11,2)-(61,13)
pt: +1 cmd=30 ---G abr=0 col=ddf8ff (51,9)-(82,13)
pt: +1 cmd=30 ---G abr=0 col=c4b3ff (61,13)-(119,23)
pt: +1 cmd=30 ---G abr=0 col=ffbbeb (61,13)-(109,23)
pt: +1 cmd=30 ---G abr=0 col=ffbbeb (51,13)-(75,20)
pt: +1 cmd=30 ---G abr=0 col=ffbbeb (-4,13)-(61,20)
pt: +1 cmd=30 ---G abr=0 col=c4b3ff (-65,8)-(61,14)
pt: +1 cmd=30 ---G abr=0 col=ddf8ff (-65,4)-(61,13)
pt: +1 cmd=30 ---G abr=0 col=cfe5ff (-61,3)-(61,13)
pt: +1 cmd=30 ---G abr=0 col=ddf8ff (-33,2)-(61,13)
pt: +1 cmd=30 ---G abr=0 col=fed5fe (-6,42)-(54,51)
pt: +1 cmd=30 ---G abr=0 col=fed5fe (-6,42)-(66,50)
pt: +1 cmd=20 ---- abr=0 col=ffe5d5 (54,47)-(92,50)
pt: +1 cmd=30 ---G abr=0 col=efd4ff (66,41)-(92,50)
pt: +1 cmd=30 ---G abr=0 col=efd4ff (75,40)-(92,50)
pt: +1 cmd=30 ---G abr=0 col=fed5fe (91,40)-(120,51)
pt: +1 cmd=30 ---G abr=0 col=ffb9ef (91,35)-(124,51)
pt: +1 cmd=30 ---G abr=0 col=ffb9ef (120,35)-(146,51)
pt: +1 cmd=30 ---G abr=0 col=ffb9ef (124,35)-(154,50)
pt: +1 cmd=30 ---G abr=0 col=ffb9ef (146,39)-(176,50)
pt: +1 cmd=30 ---G abr=0 col=ffb9ef (154,39)-(185,49)
pt: +1 cmd=30 ---G abr=0 col=ffb9ef (176,39)-(205,49)
pt: +1 cmd=30 ---G abr=0 col=ffb9ef (185,39)-(228,47)
pt: +1 cmd=30 ---G abr=0 col=ffb9ef (185,36)-(228,44)
pt: +1 cmd=30 ---G abr=0 col=ffb9ef (185,36)-(228,44)
pt: +1 cmd=30 ---G abr=0 col=ffe5d5 (219,41)-(259,45)
pt: +1 cmd=30 ---G abr=0 col=ffb9ef (219,41)-(259,45)
pt: +1 cmd=20 ---- abr=0 col=ffb9ef (153,35)-(185,39)
pt: +1 cmd=30 ---G abr=0 col=3bab4f (-24,68)-(33,71)
pt: +1 cmd=30 ---G abr=0 col=ffe5d5 (164,63)-(187,67)
pt: +1 cmd=30 ---G abr=0 col=3ed379 (149,63)-(174,67)
pt: +1 cmd=30 ---G abr=0 col=ffe5d5 (119,62)-(143,63)
pt: +1 cmd=30 ---G abr=0 col=3ed379 (143,62)-(164,65)
pt: +1 cmd=30 ---G abr=0 col=30963f (119,62)-(149,65)
pt: +1 cmd=30 ---G abr=0 col=3ed379 (84,59)-(120,63)
pt: +1 cmd=30 ---G abr=0 col=3ed379 (84,57)-(120,62)
pt: +1 cmd=30 ---G abr=0 col=3ed379 (58,55)-(89,59)
pt: +1 cmd=30 ---G abr=0 col=379f54 (47,55)-(84,59)
pt: +1 cmd=30 ---G abr=0 col=379f54 (22,55)-(58,56)
pt: +1 cmd=30 ---G abr=0 col=3bab4f (17,55)-(47,57)
pt: +1 cmd=30 ---G abr=0 col=3bab4f (7,54)-(22,57)
pt: +1 cmd=30 ---G abr=0 col=3ed379 (-2,54)-(17,59)
pt: +1 cmd=20 ---- abr=0 col=30963f (58,66)-(92,71)
pt: +1 cmd=20 ---- abr=0 col=30963f (33,66)-(67,71)
pt: +1 cmd=30 ---G abr=0 col=30963f (149,65)-(174,71)
pt: +1 cmd=30 ---G abr=0 col=30963f (119,63)-(149,68)
pt: +1 cmd=30 ---G abr=0 col=30963f (84,59)-(119,64)
pt: +1 cmd=30 ---G abr=0 col=379f54 (45,56)-(84,61)
pt: +1 cmd=30 ---G abr=0 col=379f54 (17,56)-(47,61)
pt: +1 cmd=20 ---- abr=0 col=30963f (92,68)-(160,71)
pt: +1 cmd=30 ---G abr=0 col=30963f (126,65)-(160,71)
pt: +1 cmd=20 ---- abr=0 col=30963f (92,64)-(126,71)
pt: +1 cmd=20 ---- abr=0 col=30963f (92,63)-(126,68)
pt: +1 cmd=20 ---- abr=0 col=30963f (58,64)-(92,71)
pt: +1 cmd=30 ---G abr=0 col=30963f (45,61)-(92,66)
pt: +1 cmd=30 ---G abr=0 col=30963f (45,59)-(92,64)
pt: +1 cmd=30 ---G abr=0 col=30963f (-2,59)-(58,66)
pt: +1 cmd=30 ---G abr=0 col=379f54 (-2,57)-(45,61)
pt: +1 cmd=30 ---G abr=0 col=30963f (0,66)-(58,71)
pt: +1 cmd=30 ---G abr=0 col=3bab4f (-2,59)-(58,68)
pt: +1 cmd=20 ---- abr=0 col=ffe5d5 (22,50)-(58,55)
pt: +1 cmd=20 ---- abr=0 col=ffe5d5 (16,50)-(54,55)
pt: +1 cmd=20 ---- abr=0 col=ffe5d5 (7,51)-(22,55)
pt: +1 cmd=20 ---- abr=0 col=ffe5d5 (54,50)-(92,55)
pt: +1 cmd=20 ---- abr=0 col=ffe5d5 (58,50)-(92,57)
pt: +1 cmd=20 ---- abr=0 col=ffe5d5 (89,50)-(120,57)
pt: +1 cmd=20 ---- abr=0 col=ffe5d5 (89,51)-(120,62)
pt: +1 cmd=20 ---- abr=0 col=ffe5d5 (120,50)-(146,62)
pt: +1 cmd=20 ---- abr=0 col=ffe5d5 (120,50)-(146,62)
pt: +1 cmd=20 ---- abr=0 col=ffe5d5 (143,50)-(164,63)
pt: +1 cmd=20 ---- abr=0 col=ffe5d5 (146,49)-(176,63)
pt: +1 cmd=20 ---- abr=0 col=ffe5d5 (164,49)-(187,64)
pt: +1 cmd=30 ---G abr=0 col=3bab4f (-24,71)-(33,81)
pt: +1 cmd=30 ---G abr=0 col=30963f (33,71)-(68,79)
pt: +1 cmd=30 ---G abr=0 col=30963f (67,71)-(92,79)
pt: +1 cmd=30 ---G abr=0 col=30963f (92,71)-(160,79)
pt: +1 cmd=30 ---G abr=0 col=44ba52 (93,71)-(161,82)
pt: +1 cmd=30 ---G abr=0 col=44ba52 (68,71)-(93,79)
pt: +1 cmd=30 ---G abr=0 col=44ba52 (-21,71)-(68,81)
pt: +1 cmd=30 ---G abr=0 col=30963f (160,71)-(193,82)
pt: +1 cmd=30 ---G abr=0 col=3ed379 (193,70)-(254,87)
pt: +1 cmd=30 ---G abr=0 col=ffef96 (215,70)-(321,87)
pt: +1 cmd=30 ---G abr=0 col=ffef96 (320,82)-(438,88)
pt: +1 cmd=30 ---G abr=0 col=44ba52 (320,84)-(438,91)
pt: +1 cmd=30 ---G abr=0 col=44ba52 (254,82)-(321,88)
pt: +1 cmd=30 ---G abr=0 col=44ba52 (161,71)-(254,87)
pt: +1 cmd=38 --QG abr=0 col=ffb01b (405,95)-(492,100)
pt: +1 cmd=38 --QG abr=0 col=ffb955 (353,95)-(431,100)
pt: +1 cmd=30 ---G abr=0 col=326d35 (432,56)-(453,65)
pt: +1 cmd=38 --QG abr=0 col=326a32 (435,54)-(508,65)
pt: +1 cmd=38 --QG abr=0 col=2c5d2e (388,56)-(435,65)
pt: +1 cmd=38 --QG abr=0 col=3b853e (390,61)-(444,75)
pt: +1 cmd=38 --QG abr=0 col=295529 (353,54)-(390,61)
pt: +1 cmd=38 --QG abr=0 col=295529 (353,54)-(390,61)
pt: +1 cmd=38 --QG abr=0 col=326d35 (435,63)-(508,76)
pt: +1 cmd=38 --QG abr=0 col=8eafca (401,75)-(444,85)
pt: +1 cmd=38 --QG abr=0 col=326d35 (476,52)-(581,63)
pt: +1 cmd=38 --QG abr=0 col=6e7b97 (442,75)-(501,86)
pt: +1 cmd=38 --QG abr=0 col=33823f (442,85)-(535,90)
pt: +1 cmd=38 --QG abr=0 col=316831 (501,62)-(565,77)
pt: +1 cmd=38 --QG abr=0 col=3e9c4c (498,86)-(620,95)
pt: +1 cmd=38 --QG abr=0 col=697694 (498,76)-(561,87)
pt: +1 cmd=38 --QG abr=0 col=3b974a (468,89)-(564,93)
pt: +1 cmd=38 --QG abr=0 col=456c84 (135,71)-(193,88)
pt: +1 cmd=30 ---G abr=0 col=4d7591 (121,71)-(139,88)
pt: +1 cmd=38 --QG abr=0 col=316831 (253,40)-(275,42)
pt: +1 cmd=38 --QG abr=0 col=303746 (112,68)-(135,71)
pt: +1 cmd=38 --QG abr=0 col=2b323b (126,88)-(193,90)
pt: +1 cmd=38 --QG abr=0 col=303746 (130,68)-(189,71)
pt: +1 cmd=38 --QG abr=0 col=336f36 (332,48)-(396,53)
pt: +1 cmd=38 --QG abr=0 col=355063 (189,71)-(218,90)
pt: +1 cmd=38 --QG abr=0 col=4d788b (165,88)-(218,91)
pt: +1 cmd=38 --QG abr=0 col=303746 (168,68)-(212,72)
pt: +1 cmd=38 --QG abr=0 col=387938 (275,42)-(342,59)
pt: +1 cmd=38 --QG abr=0 col=326a35 (253,40)-(276,54)
pt: +1 cmd=38 --QG abr=0 col=3d9a4b (506,92)-(640,95)
pt: +1 cmd=38 --QG abr=0 col=306630 (78,44)-(166,49)
pt: +1 cmd=38 --QG abr=0 col=25532e (252,92)-(308,95)
pt: +1 cmd=38 --QG abr=0 col=336f36 (327,49)-(396,59)
pt: +1 cmd=38 --QG abr=0 col=397b39 (276,54)-(327,64)
pt: +1 cmd=30 ---G abr=0 col=326d35 (325,59)-(336,64)
pt: +1 cmd=38 --QG abr=0 col=51576e (306,80)-(313,94)
pt: +1 cmd=38 --QG abr=0 col=25532e (252,94)-(334,97)
pt: +1 cmd=38 --QG abr=0 col=5c96ac (175,90)-(218,93)
pt: +1 cmd=38 --QG abr=0 col=397b39 (273,54)-(312,80)
pt: +1 cmd=38 --QG abr=0 col=7488a5 (273,79)-(311,93)
pt: +1 cmd=38 --QG abr=0 col=626e85 (311,64)-(314,80)
pt: +1 cmd=38 --QG abr=0 col=316831 (162,42)-(211,51)
pt: +1 cmd=38 --QG abr=0 col=336f36 (78,44)-(162,57)
pt: +1 cmd=38 --QG abr=0 col=3f3d51 (175,72)-(185,93)
pt: +1 cmd=38 --QG abr=0 col=357035 (200,40)-(253,51)
pt: +1 cmd=30 ---G abr=0 col=6b4e49 (312,60)-(324,64)
pt: +1 cmd=38 --QG abr=0 col=35303f (180,69)-(198,72)
pt: +1 cmd=38 --QG abr=0 col=7c8fac (328,64)-(336,81)
pt: +1 cmd=38 --QG abr=0 col=51576e (308,80)-(329,95)
pt: +1 cmd=30 ---G abr=0 col=896b60 (324,60)-(336,64)
pt: +1 cmd=38 --QG abr=0 col=758f9a (313,64)-(330,81)
pt: +1 cmd=30 ---G abr=0 col=2c723a (506,92)-(588,96)
pt: +1 cmd=30 ---G abr=0 col=755b51 (314,60)-(330,64)
pt: +1 cmd=30 ---G abr=0 col=7c8fac (328,81)-(338,95)
pt: +1 cmd=30 ---G abr=0 col=347437 (231,40)-(257,50)
pt: +1 cmd=38 --QG abr=0 col=326d35 (327,58)-(406,66)
pt: +1 cmd=30 ---G abr=0 col=336f36 (152,49)-(200,51)
pt: +1 cmd=38 --QG abr=0 col=90b1dd (328,80)-(390,83)
pt: +1 cmd=38 --QG abr=0 col=5c96ac (182,93)-(209,94)
pt: +1 cmd=38 --QG abr=0 col=7488a5 (31,79)-(93,95)
pt: +1 cmd=38 --QG abr=0 col=316831 (396,49)-(445,61)
pt: +1 cmd=38 --QG abr=0 col=326d35 (334,64)-(406,82)
pt: +1 cmd=38 --QG abr=0 col=347437 (-19,34)-(87,57)
pt: +1 cmd=38 --QG abr=0 col=949fcb (182,74)-(186,94)
pt: +1 cmd=38 --QG abr=0 col=a2b6eb (209,72)-(218,94)
pt: +1 cmd=38 --QG abr=0 col=547e6f (4,51)-(90,80)
pt: +1 cmd=38 --QG abr=0 col=423c58 (197,71)-(206,74)
pt: +1 cmd=38 --QG abr=0 col=423c58 (184,71)-(192,74)
pt: +1 cmd=38 --QG abr=0 col=a2b6eb (204,73)-(217,94)
pt: +1 cmd=38 --QG abr=0 col=423f5b (191,71)-(198,72)
pt: +1 cmd=38 --QG abr=0 col=7b81b0 (173,73)-(184,94)
pt: +1 cmd=38 --QG abr=0 col=99a5d2 (197,69)-(210,73)
pt: +1 cmd=38 --QG abr=0 col=b3cdfb (196,67)-(198,72)
pt: +1 cmd=38 --QG abr=0 col=777aa3 (178,69)-(191,73)
pt: +1 cmd=38 --QG abr=0 col=558371 (250,54)-(276,79)
pt: +1 cmd=38 --QG abr=0 col=7488a5 (251,79)-(273,93)
pt: +1 cmd=38 --QG abr=0 col=9aa7dd (197,69)-(209,74)
pt: +1 cmd=38 --QG abr=0 col=858bbc (178,69)-(191,74)
pt: +1 cmd=38 --QG abr=0 col=7488a5 (90,79)-(144,93)
pt: +1 cmd=38 --QG abr=0 col=326a35 (250,50)-(276,65)
pt: +1 cmd=38 --QG abr=0 col=358742 (252,95)-(353,100)
pt: +1 cmd=30 ---G abr=0 col=90b1dd (334,80)-(403,82)
pt: +1 cmd=38 --QG abr=0 col=6a7c9e (189,67)-(197,72)
pt: +1 cmd=38 --QG abr=0 col=326a35 (231,50)-(257,51)
pt: +1 cmd=38 --QG abr=0 col=327035 (152,50)-(200,54)
pt: +1 cmd=38 --QG abr=0 col=357035 (196,50)-(236,54)
pt: +1 cmd=30 ---G abr=0 col=535576 (90,65)-(144,79)
pt: +1 cmd=38 --QG abr=0 col=91a2c0 (327,83)-(338,99)
pt: +1 cmd=38 --QG abr=0 col=384c47 (87,51)-(143,79)
pt: +1 cmd=30 ---G abr=0 col=327035 (141,50)-(155,51)
pt: +1 cmd=30 ---G abr=0 col=316831 (423,51)-(454,61)
pt: +1 cmd=30 ---G abr=0 col=25532e (252,92)-(273,95)
pt: +1 cmd=38 --QG abr=0 col=348441 (191,95)-(274,100)
pt: +1 cmd=30 ---G abr=0 col=2d622f (396,58)-(445,66)
pt: +1 cmd=38 --QG abr=0 col=7f95b7 (159,65)-(179,94)
pt: +1 cmd=38 --QG abr=0 col=8086b9 (210,65)-(229,94)
pt: +1 cmd=38 --QG abr=0 col=2a6b35 (217,94)-(252,95)
pt: +1 cmd=38 --QG abr=0 col=869fcc (338,82)-(396,85)
pt: +1 cmd=30 ---G abr=0 col=707ca6 (336,83)-(370,85)
pt: +1 cmd=38 --QG abr=0 col=8086b9 (155,51)-(196,55)
pt: +1 cmd=38 --QG abr=0 col=8086b9 (196,51)-(236,55)
pt: +1 cmd=30 ---G abr=0 col=819abd (179,55)-(191,72)
pt: +1 cmd=30 ---G abr=0 col=7d92b4 (198,55)-(210,72)
pt: +1 cmd=38 --QG abr=0 col=97b7d7 (149,65)-(167,95)
pt: +1 cmd=38 --QG abr=0 col=8fa6bd (131,65)-(135,95)
pt: +1 cmd=38 --QG abr=0 col=7584a0 (225,65)-(235,95)
pt: +1 cmd=38 --QG abr=0 col=90a8c9 (249,65)-(261,95)
pt: +1 cmd=38 --QG abr=0 col=819abd (183,55)-(204,69)
pt: +1 cmd=30 ---G abr=0 col=8086b9 (183,54)-(204,55)
pt: +1 cmd=30 ---G abr=0 col=2d6630 (406,61)-(445,83)
pt: +1 cmd=38 --QG abr=0 col=9bbfe4 (159,51)-(183,72)
pt: +1 cmd=38 --QG abr=0 col=7d92b4 (204,51)-(229,72)
pt: +1 cmd=38 --QG abr=0 col=2d6630 (445,52)-(507,61)
pt: +1 cmd=38 --QG abr=0 col=368946 (191,94)-(252,97)
pt: +1 cmd=38 --QG abr=0 col=9db6d0 (327,85)-(377,99)
pt: +1 cmd=38 --QG abr=0 col=103c17 (-119,94)-(35,97)
pt: +1 cmd=30 ---G abr=0 col=348441 (182,94)-(208,97)
pt: +1 cmd=38 --QG abr=0 col=9db6d0 (370,83)-(396,99)
pt: +1 cmd=38 --QG abr=0 col=646b8b (390,66)-(398,83)
pt: +1 cmd=38 --QG abr=0 col=7282a0 (135,65)-(154,95)
pt: +1 cmd=38 --QG abr=0 col=7282a0 (233,65)-(252,95)
pt: +1 cmd=38 --QG abr=0 col=5b7079 (415,83)-(423,100)
pt: +1 cmd=38 --QG abr=0 col=9fc0e1 (148,50)-(159,65)
pt: +1 cmd=38 --QG abr=0 col=4d5068 (129,50)-(135,65)
pt: +1 cmd=38 --QG abr=0 col=6b7594 (227,50)-(235,65)
pt: +1 cmd=38 --QG abr=0 col=95b1d0 (249,50)-(257,65)
pt: +1 cmd=38 --QG abr=0 col=3d803d (503,58)-(537,82)
pt: +1 cmd=30 ---G abr=0 col=6b4e49 (392,62)-(408,66)
pt: +1 cmd=38 --QG abr=0 col=3d8d40 (-127,25)-(4,51)
pt: +1 cmd=30 ---G abr=0 col=2d773b (138,94)-(191,98)
pt: +1 cmd=30 ---G abr=0 col=ad756d (141,23)-(159,51)
pt: +1 cmd=30 ---G abr=0 col=583237 (129,23)-(141,51)
pt: +1 cmd=30 ---G abr=0 col=8a5553 (227,23)-(242,51)
pt: +1 cmd=30 ---G abr=0 col=ad756d (242,23)-(257,51)
pt: +1 cmd=38 --QG abr=0 col=347437 (-104,50)-(31,80)
pt: +1 cmd=38 --QG abr=0 col=348441 (138,94)-(191,97)
pt: +1 cmd=38 --QG abr=0 col=7989a7 (132,50)-(149,65)
pt: +1 cmd=38 --QG abr=0 col=7989a7 (234,50)-(250,65)
pt: +1 cmd=38 --QG abr=0 col=6e7e98 (419,83)-(491,100)
pt: +1 cmd=30 ---G abr=0 col=ad756d (132,23)-(148,50)
pt: +1 cmd=30 ---G abr=0 col=9d6460 (234,23)-(250,50)
pt: +1 cmd=38 --QG abr=0 col=94b2d0 (-125,78)-(35,97)
pt: +1 cmd=30 ---G abr=0 col=348441 (147,97)-(218,98)
pt: +1 cmd=38 --QG abr=0 col=347437 (-139,59)-(31,80)
pt: +1 cmd=34 -T-G abr=0 col=25532e (314,95)-(333,97)
pt: +1 cmd=3c -TQG abr=0 col=87a4ba (331,81)-(339,95)
pt: +1 cmd=34 -T-G abr=0 col=26572f (253,93)-(272,94)
pt: +1 cmd=3c -TQG abr=0 col=337f3f (272,92)-(289,95)
pt: +1 cmd=3c -TQG abr=0 col=90b1dd (331,80)-(354,83)
pt: +1 cmd=34 -T-G abr=0 col=9d8471 (318,60)-(333,64)
pt: +1 cmd=3c -TQG abr=0 col=4b7e5d (76,54)-(110,67)
pt: +1 cmd=3c -TQG abr=0 col=3f3b4f (177,72)-(184,80)
pt: +1 cmd=3c -TQG abr=0 col=327035 (152,51)-(186,54)
pt: +1 cmd=3c -TQG abr=0 col=357035 (185,51)-(210,54)
pt: +1 cmd=3c -TQG abr=0 col=2f653b (63,93)-(98,93)
pt: +1 cmd=3c -TQG abr=0 col=5e7184 (110,67)-(133,80)
pt: +1 cmd=3c -TQG abr=0 col=64828c (87,66)-(114,80)
pt: +1 cmd=3c -TQG abr=0 col=357035 (231,50)-(257,51)
pt: +1 cmd=3c -TQG abr=0 col=578474 (250,66)-(272,79)
pt: +1 cmd=3c -TQG abr=0 col=37384a (199,69)-(213,73)
pt: +1 cmd=3c -TQG abr=0 col=37384a (180,69)-(199,73)
pt: +1 cmd=3c -TQG abr=0 col=357035 (206,50)-(235,54)
pt: +1 cmd=3c -TQG abr=0 col=306f3e (289,95)-(317,98)
pt: +1 cmd=3c -TQG abr=0 col=96b4d2 (317,64)-(333,81)
pt: +1 cmd=3c -TQG abr=0 col=3c7b3f (41,39)-(76,55)
pt: +1 cmd=3c -TQG abr=0 col=478755 (54,55)-(87,67)
pt: +1 cmd=3c -TQG abr=0 col=6c8e98 (68,66)-(96,80)
pt: +1 cmd=3c -TQG abr=0 col=86a3bf (56,80)-(79,94)
pt: +1 cmd=3c -TQG abr=0 col=5a6181 (129,66)-(144,79)
pt: +1 cmd=3c -TQG abr=0 col=366b3c (250,51)-(268,68)
pt: +1 cmd=34 -T-G abr=0 col=352f3e (192,69)-(199,69)
pt: +1 cmd=3c -TQG abr=0 col=488f62 (182,93)-(209,94)
pt: +1 cmd=3c -TQG abr=0 col=3d6a4e (128,51)-(143,68)
pt: +1 cmd=3c -TQG abr=0 col=378045 (253,93)-(273,95)
pt: +1 cmd=34 -T-G abr=0 col=3a504a (140,51)-(156,51)
pt: +1 cmd=3c -TQG abr=0 col=6a9693 (47,66)-(76,80)
pt: +1 cmd=34 -T-G abr=0 col=7b8cb4 (340,80)-(354,83)
pt: +1 cmd=3c -TQG abr=0 col=2f6633 (372,52)-(408,58)
pt: +1 cmd=3c -TQG abr=0 col=2d6b39 (217,94)-(232,95)
pt: +1 cmd=3c -TQG abr=0 col=4a9053 (32,52)-(68,67)
pt: +1 cmd=34 -T-G abr=0 col=87a4ba (331,81)-(340,86)
pt: +1 cmd=3c -TQG abr=0 col=6b6e92 (180,80)-(184,94)
pt: +1 cmd=3c -TQG abr=0 col=737ba4 (163,80)-(176,94)
pt: +1 cmd=3c -TQG abr=0 col=8087b6 (215,80)-(227,94)
pt: +1 cmd=3c -TQG abr=0 col=407f49 (19,36)-(54,55)
pt: +1 cmd=3c -TQG abr=0 col=3d6f46 (422,51)-(469,52)
pt: +1 cmd=3c -TQG abr=0 col=95aad6 (214,80)-(218,94)
pt: +1 cmd=3c -TQG abr=0 col=31703e (154,94)-(174,95)
pt: +1 cmd=3c -TQG abr=0 col=98b6d5 (31,80)-(59,95)
pt: +1 cmd=3c -TQG abr=0 col=939fca (180,74)-(186,80)
pt: +1 cmd=3c -TQG abr=0 col=7b85b0 (161,66)-(179,80)
pt: +1 cmd=3c -TQG abr=0 col=8087b8 (210,66)-(228,80)
pt: +1 cmd=3c -TQG abr=0 col=36663c (354,65)-(385,81)
pt: +1 cmd=3c -TQG abr=0 col=346839 (363,58)-(394,67)
pt: +1 cmd=3c -TQG abr=0 col=3b874b (267,95)-(291,98)
pt: +1 cmd=3c -TQG abr=0 col=7278a3 (208,80)-(217,94)
pt: +1 cmd=3c -TQG abr=0 col=6f7095 (184,71)-(192,74)
pt: +1 cmd=3c -TQG abr=0 col=8d9bcb (173,80)-(182,94)
pt: +1 cmd=26 ST-- abr=2 col=292929 (182,110)-(188,112)
pt: +1 cmd=26 ST-- abr=2 col=292929 (187,110)-(192,112)
pt: +1 cmd=26 ST-- abr=2 col=292929 (186,112)-(192,113)
pt: +1 cmd=26 ST-- abr=2 col=292929 (182,112)-(187,113)
pt: +1 cmd=26 ST-- abr=2 col=505050 (215,115)-(221,117)
pt: +1 cmd=26 ST-- abr=2 col=505050 (221,115)-(226,117)
pt: +1 cmd=26 ST-- abr=2 col=505050 (220,117)-(226,119)
pt: +1 cmd=26 ST-- abr=2 col=505050 (215,117)-(221,119)
pt: +1 cmd=32 S--G abr=2 col=608080 (246,145)-(256,151)
pt: +1 cmd=32 S--G abr=2 col=608080 (256,145)-(265,151)
pt: +1 cmd=32 S--G abr=2 col=608080 (242,146)-(256,151)
pt: +1 cmd=32 S--G abr=2 col=608080 (238,147)-(256,151)
pt: +1 cmd=32 S--G abr=2 col=608080 (236,148)-(256,151)
pt: +1 cmd=32 S--G abr=2 col=608080 (256,148)-(276,151)
pt: +1 cmd=32 S--G abr=2 col=608080 (256,147)-(274,151)
pt: +1 cmd=32 S--G abr=2 col=608080 (256,146)-(270,151)
pt: +1 cmd=32 S--G abr=2 col=608080 (229,149)-(256,151)
pt: +1 cmd=32 S--G abr=2 col=608080 (228,150)-(256,153)
pt: +1 cmd=32 S--G abr=2 col=608080 (256,151)-(285,154)
pt: +1 cmd=32 S--G abr=2 col=608080 (256,149)-(283,151)
pt: +1 cmd=32 S--G abr=2 col=608080 (228,151)-(256,156)
pt: +1 cmd=32 S--G abr=2 col=608080 (256,151)-(285,157)
pt: +1 cmd=32 S--G abr=1 col=60c0c0 (324,92)-(341,108)
pt: +1 cmd=32 S--G abr=1 col=60c0c0 (324,96)-(349,108)
pt: +1 cmd=32 S--G abr=1 col=60c0c0 (324,108)-(349,119)
pt: +1 cmd=32 S--G abr=1 col=60c0c0 (324,108)-(341,123)
pt: +1 cmd=32 S--G abr=1 col=60c0c0 (306,108)-(324,123)
pt: +1 cmd=32 S--G abr=1 col=60c0c0 (298,108)-(324,119)
pt: +1 cmd=32 S--G abr=1 col=60c0c0 (298,96)-(324,108)
pt: +1 cmd=32 S--G abr=1 col=60c0c0 (306,92)-(324,108)
pt: +1 cmd=32 S--G abr=2 col=608080 (230,151)-(256,160)
pt: +1 cmd=32 S--G abr=2 col=608080 (256,151)-(281,160)
pt: +1 cmd=f5 ---- abr=0 col=000000 (0,0)-(0,0)
pt: +2 cmd=f8 ---- abr=0 col=000002 (0,0)-(0,0)
pt: +2 cmd=e3 ---- abr=0 col=03e000 (0,248)-(0,0)
pt: +2 cmd=e4 ---- abr=0 col=075dff (511,471)-(0,0)
pt: +2 cmd=e5 ---- abr=0 col=000000 (0,240)-(0,0)
pt: +2 cmd=02 ---- abr=0 col=44ba52 (0,248)-(512,472)
pt: +2 cmd=01 ---- abr=0 col=000000 (0,8)-(512,232)
pt: +2 cmd=26 ST-- abr=2 col=292929 (182,110)-(188,112)
pt: +2 cmd=26 ST-- abr=2 col=292929 (187,110)-(192,112)
pt: +2 cmd=26 ST-- abr=2 col=292929 (186,112)-(192,113)
pt: +2 cmd=26 ST-- abr=2 col=292929 (182,112)-(187,113)
pt: +2 cmd=26 ST-- abr=2 col=505050 (215,115)-(221,117)
pt: +2 cmd=26 ST-- abr=2 col=505050 (221,115)-(226,117)
pt: +2 cmd=26 ST-- abr=2 col=505050 (220,117)-(226,119)
pt: +2 cmd=26 ST-- abr=2 col=505050 (215,117)-(221,119)
pt: +2 cmd=32 S--G abr=2 col=608080 (246,145)-(256,151)
pt: +2 cmd=32 S--G abr=2 col=608080 (256,145)-(265,151)
pt: +2 cmd=32 S--G abr=2 col=608080 (242,146)-(256,151)
pt: +2 cmd=32 S--G abr=2 col=608080 (238,147)-(256,151)
pt: +2 cmd=32 S--G abr=2 col=608080 (236,148)-(256,151)
pt: +2 cmd=32 S--G abr=2 col=608080 (256,148)-(276,151)
pt: +2 cmd=32 S--G abr=2 col=608080 (256,147)-(274,151)
pt: +2 cmd=32 S--G abr=2 col=608080 (256,146)-(270,151)
pt: +2 cmd=32 S--G abr=2 col=608080 (229,149)-(256,151)
pt: +2 cmd=32 S--G abr=2 col=608080 (228,150)-(256,153)
pt: +2 cmd=32 S--G abr=2 col=608080 (256,151)-(285,154)
pt: +2 cmd=32 S--G abr=2 col=608080 (256,149)-(284,151)
pt: +2 cmd=32 S--G abr=2 col=608080 (228,151)-(256,156)
pt: +2 cmd=32 S--G abr=2 col=608080 (256,151)-(285,157)
pt: +2 cmd=32 S--G abr=1 col=60c0c0 (324,92)-(341,108)
pt: +2 cmd=32 S--G abr=1 col=60c0c0 (324,96)-(349,108)
pt: +2 cmd=32 S--G abr=1 col=60c0c0 (324,108)-(349,119)
pt: +2 cmd=32 S--G abr=1 col=60c0c0 (324,108)-(341,123)
pt: +2 cmd=32 S--G abr=1 col=60c0c0 (306,108)-(324,123)
pt: +2 cmd=32 S--G abr=1 col=60c0c0 (298,108)-(324,119)
pt: +2 cmd=32 S--G abr=1 col=60c0c0 (298,96)-(324,108)
pt: +2 cmd=32 S--G abr=1 col=60c0c0 (306,92)-(324,108)
pt: +2 cmd=32 S--G abr=2 col=608080 (230,151)-(256,160)
pt: +2 cmd=32 S--G abr=2 col=608080 (256,151)-(282,160)
pt: +2 cmd=f5 ---- abr=0 col=03c000 (0,240)-(0,0)
pt: +3 cmd=f8 ---- abr=0 col=000002 (0,0)-(0,0)
pt: +3 cmd=e3 ---- abr=0 col=002000 (0,8)-(0,0)
pt: +3 cmd=e4 ---- abr=0 col=039dff (511,231)-(0,0)
pt: +3 cmd=e5 ---- abr=0 col=000000 (0,0)-(0,0)
pt: +3 cmd=02 ---- abr=0 col=44ba52 (0,8)-(512,232)
pt: +3 cmd=01 ---- abr=0 col=000000 (0,8)-(512,232)
pt: +3 cmd=26 ST-- abr=2 col=292929 (182,110)-(188,112)
pt: +3 cmd=26 ST-- abr=2 col=292929 (187,110)-(192,112)
pt: +3 cmd=26 ST-- abr=2 col=292929 (186,112)-(192,113)
pt: +3 cmd=26 ST-- abr=2 col=292929 (182,112)-(187,113)
pt: +3 cmd=26 ST-- abr=2 col=505050 (215,115)-(221,117)
pt: +3 cmd=26 ST-- abr=2 col=505050 (221,115)-(226,117)
pt: +3 cmd=26 ST-- abr=2 col=505050 (220,117)-(226,119)
pt: +3 cmd=26 ST-- abr=2 col=505050 (215,117)-(221,119)
pt: +3 cmd=32 S--G abr=2 col=608080 (246,145)-(256,151)
pt: +3 cmd=32 S--G abr=2 col=608080 (256,145)-(265,151)
pt: +3 cmd=32 S--G abr=2 col=608080 (242,146)-(256,151)
pt: +3 cmd=32 S--G abr=2 col=608080 (238,147)-(256,151)
pt: +3 cmd=32 S--G abr=2 col=608080 (236,148)-(256,151)
pt: +3 cmd=32 S--G abr=2 col=608080 (256,148)-(276,151)
pt: +3 cmd=32 S--G abr=2 col=608080 (256,147)-(274,151)
pt: +3 cmd=32 S--G abr=2 col=608080 (256,146)-(270,151)
pt: +3 cmd=32 S--G abr=2 col=608080 (229,149)-(256,151)
pt: +3 cmd=32 S--G abr=2 col=608080 (228,150)-(256,153)
pt: +3 cmd=32 S--G abr=2 col=608080 (256,151)-(286,154)
pt: +3 cmd=32 S--G abr=2 col=608080 (256,149)-(284,151)
pt: +3 cmd=32 S--G abr=2 col=608080 (228,151)-(256,157)
pt: +3 cmd=32 S--G abr=2 col=608080 (256,151)-(286,157)
pt: +3 cmd=32 S--G abr=1 col=60c0c0 (324,92)-(341,108)
pt: +3 cmd=32 S--G abr=1 col=60c0c0 (324,96)-(349,108)
pt: +3 cmd=32 S--G abr=1 col=60c0c0 (324,108)-(349,119)
pt: +3 cmd=32 S--G abr=1 col=60c0c0 (324,108)-(341,123)
pt: +3 cmd=32 S--G abr=1 col=60c0c0 (306,108)-(324,123)
pt: +3 cmd=32 S--G abr=1 col=60c0c0 (298,108)-(324,119)
pt: +3 cmd=32 S--G abr=1 col=60c0c0 (298,96)-(324,108)
pt: +3 cmd=32 S--G abr=1 col=60c0c0 (306,92)-(324,108)
pt: +3 cmd=32 S--G abr=2 col=608080 (230,151)-(256,160)
pt: +3 cmd=32 S--G abr=2 col=608080 (256,151)-(282,160)
pt: +3 cmd=f5 ---- abr=0 col=000000 (0,0)-(0,0)
pt: +4 cmd=f8 ---- abr=0 col=000002 (0,0)-(0,0)
pt: +4 cmd=e3 ---- abr=0 col=03e000 (0,248)-(0,0)
pt: +4 cmd=e4 ---- abr=0 col=075dff (511,471)-(0,0)
pt: +4 cmd=e5 ---- abr=0 col=000000 (0,240)-(0,0)
pt: +4 cmd=02 ---- abr=0 col=44ba52 (0,248)-(512,472)
pt: +4 cmd=01 ---- abr=0 col=000000 (0,8)-(512,232)
pt: +4 cmd=26 ST-- abr=2 col=292929 (182,110)-(188,112)
pt: +4 cmd=26 ST-- abr=2 col=292929 (187,110)-(192,112)
pt: +4 cmd=26 ST-- abr=2 col=292929 (186,112)-(192,113)
pt: +4 cmd=26 ST-- abr=2 col=292929 (182,112)-(187,113)
pt: +4 cmd=26 ST-- abr=2 col=505050 (215,115)-(221,117)
pt: +4 cmd=26 ST-- abr=2 col=505050 (221,115)-(226,117)
pt: +4 cmd=26 ST-- abr=2 col=505050 (220,117)-(226,119)
pt: +4 cmd=26 ST-- abr=2 col=505050 (215,117)-(221,119)
pt: +4 cmd=32 S--G abr=2 col=608080 (246,145)-(256,151)
pt: +4 cmd=32 S--G abr=2 col=608080 (256,145)-(265,151)
pt: +4 cmd=32 S--G abr=2 col=608080 (242,146)-(256,151)
pt: +4 cmd=32 S--G abr=2 col=608080 (238,147)-(256,151)
pt: +4 cmd=32 S--G abr=2 col=608080 (236,148)-(256,151)
pt: +4 cmd=32 S--G abr=2 col=608080 (256,148)-(276,151)
pt: +4 cmd=32 S--G abr=2 col=608080 (256,147)-(274,151)
pt: +4 cmd=32 S--G abr=2 col=608080 (256,146)-(270,151)
pt: +4 cmd=32 S--G abr=2 col=608080 (229,149)-(256,151)
pt: +4 cmd=32 S--G abr=2 col=608080 (228,150)-(256,153)
pt: +4 cmd=32 S--G abr=2 col=608080 (256,151)-(286,154)
pt: +4 cmd=32 S--G abr=2 col=608080 (256,149)-(284,151)
pt: +4 cmd=32 S--G abr=2 col=608080 (228,151)-(256,157)
pt: +4 cmd=32 S--G abr=2 col=608080 (256,151)-(286,157)
pt: +4 cmd=32 S--G abr=1 col=60c0c0 (324,92)-(341,108)
pt: +4 cmd=32 S--G abr=1 col=60c0c0 (324,96)-(349,108)
pt: +4 cmd=32 S--G abr=1 col=60c0c0 (324,108)-(349,119)
pt: +4 cmd=32 S--G abr=1 col=60c0c0 (324,108)-(341,123)
pt: +4 cmd=32 S--G abr=1 col=60c0c0 (306,108)-(324,123)
pt: +4 cmd=32 S--G abr=1 col=60c0c0 (298,108)-(324,119)
pt: +4 cmd=32 S--G abr=1 col=60c0c0 (298,96)-(324,108)
pt: +4 cmd=32 S--G abr=1 col=60c0c0 (306,92)-(324,108)
pt: +4 cmd=32 S--G abr=2 col=608080 (230,151)-(256,160)
pt: +4 cmd=32 S--G abr=2 col=608080 (256,151)-(282,160)
pt: +4 cmd=f5 ---- abr=0 col=03c000 (0,240)-(0,0)
pt: +5 cmd=f8 ---- abr=0 col=000002 (0,0)-(0,0)
pt: +5 cmd=e3 ---- abr=0 col=002000 (0,8)-(0,0)
pt: +5 cmd=e4 ---- abr=0 col=039dff (511,231)-(0,0)
pt: +5 cmd=e5 ---- abr=0 col=000000 (0,0)-(0,0)
pt: +5 cmd=02 ---- abr=0 col=44ba52 (0,8)-(512,232)
pt: +5 cmd=01 ---- abr=0 col=000000 (0,8)-(512,232)
pt: +5 cmd=26 ST-- abr=2 col=292929 (182,110)-(188,112)
pt: +5 cmd=26 ST-- abr=2 col=292929 (187,110)-(192,112)
pt: +5 cmd=26 ST-- abr=2 col=292929 (186,112)-(192,113)
pt: +5 cmd=26 ST-- abr=2 col=292929 (182,112)-(187,113)
pt: +5 cmd=26 ST-- abr=2 col=505050 (215,115)-(221,117)
pt: +5 cmd=26 ST-- abr=2 col=505050 (221,115)-(226,117)
pt: +5 cmd=26 ST-- abr=2 col=505050 (220,117)-(226,119)
pt: +5 cmd=26 ST-- abr=2 col=505050 (215,117)-(221,119)
pt: +5 cmd=32 S--G abr=2 col=608080 (246,145)-(256,151)
pt: +5 cmd=32 S--G abr=2 col=608080 (256,145)-(265,151)
pt: +5 cmd=32 S--G abr=2 col=608080 (242,146)-(256,151)
pt: +5 cmd=32 S--G abr=2 col=608080 (238,147)-(256,151)
pt: +5 cmd=32 S--G abr=2 col=608080 (236,148)-(256,151)
pt: +5 cmd=32 S--G abr=2 col=608080 (256,148)-(276,151)
pt: +5 cmd=32 S--G abr=2 col=608080 (256,147)-(274,151)
pt: +5 cmd=32 S--G abr=2 col=608080 (256,146)-(270,151)
pt: +5 cmd=32 S--G abr=2 col=608080 (229,149)-(256,151)
pt: +5 cmd=32 S--G abr=2 col=608080 (228,150)-(256,153)
pt: +5 cmd=32 S--G abr=2 col=608080 (256,151)-(286,154)
pt: +5 cmd=32 S--G abr=2 col=608080 (256,149)-(284,151)
pt: +5 cmd=32 S--G abr=2 col=608080 (228,151)-(256,157)
pt: +5 cmd=32 S--G abr=2 col=608080 (256,151)-(286,157)
pt: +5 cmd=32 S--G abr=1 col=60c0c0 (324,92)-(341,108)
pt: +5 cmd=32 S--G abr=1 col=60c0c0 (324,96)-(349,108)
pt: +5 cmd=32 S--G abr=1 col=60c0c0 (324,108)-(349,119)
pt: +5 cmd=32 S--G abr=1 col=60c0c0 (324,108)-(341,123)
pt: +5 cmd=32 S--G abr=1 col=60c0c0 (306,108)-(324,123)
pt: +5 cmd=32 S--G abr=1 col=60c0c0 (298,108)-(324,119)
pt: +5 cmd=32 S--G abr=1 col=60c0c0 (298,96)-(324,108)
pt: +5 cmd=32 S--G abr=1 col=60c0c0 (306,92)-(324,108)
pt: +5 cmd=32 S--G abr=2 col=608080 (230,151)-(256,160)
pt: +5 cmd=32 S--G abr=2 col=608080 (256,151)-(282,160)
pt: +5 cmd=f5 ---- abr=0 col=03c000 (0,240)-(0,0)
pt: +5 cmd=c0 ---- abr=0 col=000000 (512,0)-(768,225)
pt: +5 cmd=c1 -T-- abr=2 col=000000 (512,0)-(768,225)
pt: +5 cmd=c2 ---- abr=0 col=0001f1 (1733,1732)-(416,416)
pt: +5 cmd=c3 ---- abr=0 col=c8c780 (512,0)-(1795,2048)
pt: +5 cmd=c0 ---- abr=0 col=000000 (0,8)-(128,232)
pt: +5 cmd=c1 S--- abr=11 col=007000 (0,8)-(128,232)
pt: +5 cmd=c2 ---- abr=0 col=0001f1 (1733,1732)-(416,120)
pt: +5 cmd=c3 ---- abr=0 col=d96932 (0,8)-(1024,1024)
pt: +5 cmd=c0 ---- abr=0 col=000000 (128,8)-(256,232)
pt: +5 cmd=c1 S--- abr=11 col=007000 (128,8)-(256,232)
pt: +5 cmd=c2 ---- abr=0 col=0001f1 (1733,1732)-(120,120)
pt: +5 cmd=c3 ---- abr=0 col=c70d03 (128,8)-(1024,1024)
pt: +5 cmd=c0 ---- abr=0 col=000000 (256,8)-(384,232)
pt: +5 cmd=c1 S--- abr=11 col=007000 (256,8)-(384,232)
pt: +5 cmd=c2 ---- abr=0 col=0001f1 (1733,1732)-(120,120)
pt: +5 cmd=c3 ---- abr=0 col=cda978 (256,8)-(1024,1024)
pt: +5 cmd=c0 ---- abr=0 col=000000 (384,8)-(512,232)
pt: +5 cmd=c1 S--- abr=11 col=007000 (384,8)-(512,232)
pt: +5 cmd=c2 ---- abr=0 col=0001f1 (1733,1732)-(120,120)
pt: +5 cmd=c3 ---- abr=0 col=b64bfd (384,8)-(1024,1024)
pt: +5 cmd=e3 ---- abr=0 col=002000 (0,8)-(0,0)
pt: +5 cmd=e4 ---- abr=0 col=039dff (511,231)-(0,0)
pt: +5 cmd=e5 ---- abr=0 col=000000 (0,0)-(0,0)
pt: +5 cmd=02 ---- abr=0 col=44ba52 (0,8)-(512,232)
pt: +5 cmd=01 ---- abr=0 col=000000 (0,8)-(512,232)
pt: +5 cmd=2a S-Q- abr=2 col=404040 (140,67)-(372,176)
pt: +5 cmd=f5 ---- abr=0 col=000000 (0,0)-(0,0)
pt: +6 cmd=f8 ---- abr=0 col=000002 (0,0)-(0,0)
pt: +6 cmd=e3 ---- abr=0 col=03e000 (0,248)-(0,0)
pt: +6 cmd=e4 ---- abr=0 col=075dff (511,471)-(0,0)
pt: +6 cmd=e5 ---- abr=0 col=000000 (0,240)-(0,0)
pt: +6 cmd=02 ---- abr=0 col=44ba52 (0,248)-(512,472)
pt: +6 cmd=01 ---- abr=0 col=000000 (0,8)-(512,232)
pt: +6 cmd=2a S-Q- abr=2 col=404040 (140,67)-(372,176)
pt: +6 cmd=f5 ---- abr=0 col=03c000 (0,240)-(0,0)
pt: +7 cmd=f8 ---- abr=0 col=000002 (0,0)-(0,0)
pt: +7 cmd=e3 ---- abr=0 col=002000 (0,8)-(0,0)
pt: +7 cmd=e4 ---- abr=0 col=039dff (511,231)-(0,0)
pt: +7 cmd=e5 ---- abr=0 col=000000 (0,0)-(0,0)
pt: +7 cmd=02 ---- abr=0 col=44ba52 (0,8)-(512,232)
pt: +7 cmd=01 ---- abr=0 col=000000 (0,8)-(512,232)
pt: +7 cmd=2a S-Q- abr=2 col=404040 (140,67)-(372,176)
pt: +7 cmd=f5 ---- abr=0 col=000000 (0,0)-(0,0)
pt: +8 cmd=f8 ---- abr=0 col=000002 (0,0)-(0,0)
pt: +8 cmd=e3 ---- abr=0 col=03e000 (0,248)-(0,0)
pt: +8 cmd=e4 ---- abr=0 col=075dff (511,471)-(0,0)
pt: +8 cmd=e5 ---- abr=0 col=000000 (0,240)-(0,0)
pt: +8 cmd=02 ---- abr=0 col=44ba52 (0,248)-(512,472)
pt: +8 cmd=01 ---- abr=0 col=000000 (0,8)-(512,232)
pt: +8 cmd=2a S-Q- abr=2 col=404040 (140,67)-(372,176)
pt: +8 cmd=f5 ---- abr=0 col=03c000 (0,240)-(0,0)
pt: +9 cmd=f8 ---- abr=0 col=000002 (0,0)-(0,0)
pt: +9 cmd=e3 ---- abr=0 col=002000 (0,8)-(0,0)
pt: +9 cmd=e4 ---- abr=0 col=039dff (511,231)-(0,0)
pt: +9 cmd=e5 ---- abr=0 col=000000 (0,0)-(0,0)
pt: +9 cmd=02 ---- abr=0 col=44ba52 (0,8)-(512,232)
pt: +9 cmd=01 ---- abr=0 col=000000 (0,8)-(512,232)
pt: +9 cmd=2a S-Q- abr=2 col=404040 (140,67)-(372,176)
pt: +9 cmd=f5 ---- abr=0 col=000000 (0,0)-(0,0)
pt: +10 cmd=f8 ---- abr=0 col=000002 (0,0)-(0,0)
pt: +10 cmd=e3 ---- abr=0 col=03e000 (0,248)-(0,0)
pt: +10 cmd=e4 ---- abr=0 col=075dff (511,471)-(0,0)
pt: +10 cmd=e5 ---- abr=0 col=000000 (0,240)-(0,0)
pt: +10 cmd=02 ---- abr=0 col=44ba52 (0,248)-(512,472)
pt: +10 cmd=01 ---- abr=0 col=000000 (0,8)-(512,232)
pt: +10 cmd=2a S-Q- abr=2 col=404040 (140,67)-(372,176)
pt: +10 cmd=f5 ---- abr=0 col=03c000 (0,240)-(0,0)
pt: +11 cmd=f8 ---- abr=0 col=000002 (0,0)-(0,0)
pt: +11 cmd=e3 ---- abr=0 col=002000 (0,8)-(0,0)
pt: +11 cmd=e4 ---- abr=0 col=039dff (511,231)-(0,0)
pt: +11 cmd=e5 ---- abr=0 col=000000 (0,0)-(0,0)
pt: +11 cmd=02 ---- abr=0 col=44ba52 (0,8)-(512,232)
pt: +11 cmd=01 ---- abr=0 col=000000 (0,8)-(512,232)
pt: +11 cmd=2a S-Q- abr=2 col=404040 (140,67)-(372,176)
pt: +11 cmd=f5 ---- abr=0 col=000000 (0,0)-(0,0)
pt: +12 cmd=f8 ---- abr=0 col=000002 (0,0)-(0,0)
pt: +12 cmd=e3 ---- abr=0 col=03e000 (0,248)-(0,0)
pt: +12 cmd=e4 ---- abr=0 col=075dff (511,471)-(0,0)
pt: +12 cmd=e5 ---- abr=0 col=000000 (0,240)-(0,0)
pt: +12 cmd=02 ---- abr=0 col=44ba52 (0,248)-(512,472)
pt: +12 cmd=01 ---- abr=0 col=000000 (0,8)-(512,232)
pt: +12 cmd=2a S-Q- abr=2 col=404040 (140,67)-(372,176)
pt: +12 cmd=f5 ---- abr=0 col=03c000 (0,240)-(0,0)
pt: +13 cmd=f8 ---- abr=0 col=000002 (0,0)-(0,0)
pt: +13 cmd=e3 ---- abr=0 col=002000 (0,8)-(0,0)
pt: +13 cmd=e4 ---- abr=0 col=039dff (511,231)-(0,0)
pt: +13 cmd=e5 ---- abr=0 col=000000 (0,0)-(0,0)
pt: +13 cmd=02 ---- abr=0 col=44ba52 (0,8)-(512,232)
pt: +13 cmd=01 ---- abr=0 col=000000 (0,8)-(512,232)
pt: +13 cmd=2a S-Q- abr=2 col=404040 (140,67)-(372,176)
pt: +13 cmd=f5 ---- abr=0 col=000000 (0,0)-(0,0)
pt: +14 cmd=f8 ---- abr=0 col=000002 (0,0)-(0,0)
pt: +14 cmd=e3 ---- abr=0 col=03e000 (0,248)-(0,0)
pt: +14 cmd=e4 ---- abr=0 col=075dff (511,471)-(0,0)
pt: +14 cmd=e5 ---- abr=0 col=000000 (0,240)-(0,0)
pt: +14 cmd=02 ---- abr=0 col=44ba52 (0,248)-(512,472)
pt: +14 cmd=01 ---- abr=0 col=000000 (0,8)-(512,232)
pt: +14 cmd=2a S-Q- abr=2 col=404040 (140,67)-(372,176)
pt: +14 cmd=f5 ---- abr=0 col=03c000 (0,240)-(0,0)
pt: +15 cmd=f8 ---- abr=0 col=000002 (0,0)-(0,0)
pt: +15 cmd=e3 ---- abr=0 col=002000 (0,8)-(0,0)
pt: +15 cmd=e4 ---- abr=0 col=039dff (511,231)-(0,0)
pt: +15 cmd=e5 ---- abr=0 col=000000 (0,0)-(0,0)
pt: +15 cmd=02 ---- abr=0 col=44ba52 (0,8)-(512,232)
pt: +15 cmd=01 ---- abr=0 col=000000 (0,8)-(512,232)
pt: +15 cmd=2a S-Q- abr=2 col=404040 (140,67)-(372,176)
pt: +15 cmd=f5 ---- abr=0 col=000000 (0,0)-(0,0)
ogxeq: n=548010 mism=0 hole=0
ogxdraw: ft=1560 gt=547006 uni_ft=52 uni_gt=7986 vram_wr=30162 inval=1442
ogxud: gt=1 nv=4 mode=0 page=12 clut=23f4 tex=1 256x256 semi=2 texel=c631 uv1024=(4,4)(128,4)(4,128)(128,128)
ogxud: gt=1 nv=4 mode=0 page=13 clut=23f5 tex=1 256x256 semi=2 texel=c631 uv1024=(140,4)(264,4)(140,128)(264,128)
ogxud: gt=1 nv=3 mode=0 page=13 clut=23f5 tex=1 256x256 semi=2 texel=c631 uv1024=(140,4)(264,4)(140,128)(0,0)
ogxud: gt=1 nv=4 mode=0 page=12 clut=23f4 tex=1 256x256 semi=2 texel=c631 uv1024=(4,4)(128,4)(4,128)(128,128)
ogxud: gt=1 nv=4 mode=0 page=13 clut=23f5 tex=1 256x256 semi=2 texel=c631 uv1024=(140,4)(264,4)(140,128)(264,128)
ogxud: gt=1 nv=4 mode=0 page=13 clut=23f5 tex=1 256x256 semi=2 texel=c631 uv1024=(140,4)(264,4)(140,128)(264,128)
ogxud: gt=1 nv=4 mode=0 page=12 clut=23f4 tex=1 256x256 semi=2 texel=c631 uv1024=(4,4)(128,4)(4,128)(128,128)
ogxud: gt=1 nv=4 mode=0 page=13 clut=23b5 tex=1 256x256 semi=2 texel=ca52 uv1024=(412,4)(536,4)(412,128)(536,128)
cd: reads=6603 bytes=15530256 seq=6592 rand=11 worst_us=5171 total_us=171091
chd: hit=0 miss=0 err=0 chd_us=0
menu: frames=0 menu_us=0 strings=73144 glyphs=268548 texloads=268548
--- perf frames=1800 ---
fixes: dwActFixes=00008000 cdrom=SCUS94228
cpu: slices=2548115 int=0 cpu_us=87631870 jit_full=0 jit_part=6142 interp_fb=0 hle=113064 exc=16
wall: wall_us=87647349 vblanks=3793 pal=0 nested=2396408
inside: limit_us=11229737 limit=996 target=1671 spu_us=1454693 spu=46463 out_us=934534 out=46463 hw_us=57825016 hw=4376920 hw_gpu_us=57535927 hw_gpu=1133392
slicecost: sched_us=13094282 jit_us=71293848 post_us=3243739 exit_norm=1082388 exit_irq=1352647
slice: cycles=36227859354 avg=14217 tiny=56080
irq: sio=14552 cdr=892 cdread=6631 gpudma=3627 spudma=2 cdrdma=6136 rcnt=85326
ram: mem1_free_kb=5379 mem2=11151/24575KB peak=11151KB fails=0 null_read=0 heap_ok=1
gpu: tex_hit=524266 miss=24364 resets=3209 loads=0 bytes=0 batches=0
gpu: drawdone=3209 drawdone_us=10073 convert_us=0 present_us=357965
ogx: gc=0 sub_new=1706 sub_hit=546924 skip=556 unaligned=1242 oob=0
ogxskip: b1=556 b2=0 op_empty=0 op_semi=0
ogxupl: semi=1 opaque=1705 mismatch=0
ogxgeom: coord_rej=0
offsoft: prims=27855 rejected=50097 | pad: startpoll=3638 update=3638 ai_calls=3638
sio: write8=21828 start=3638 ctrl16=50932 read8=29104 irq=14552 padtype0=1
ogxoff: prims=53708 tex=52875 off_roi=1 fills=1804 fills_off=0 va=30178 va_roi=3265
ogxva: rect=(512,0)-(1023,255)
ogxva: rect=(512,0)-(1023,511)
ogxva: rect=(734,83)-(787,99)
ogxva: rect=(734,83)-(787,96)
ogxva: rect=(741,78)-(794,99)
ogxva: rect=(789,78)-(794,84)
ogxva: rect=(759,80)-(793,90)
ogxva: rect=(722,97)-(777,110)
ogxop: kind=1 tex=1 rect=(420,250)-(841,7) color=24e6
autoinput: vblank=1 mask=0000 at_present=1
autoinput: vblank=1500 mask=0008 at_present=496
autoinput: vblank=1504 mask=0000 at_present=498
autoinput: vblank=1565 mask=0008 at_present=529
autoinput: vblank=1570 mask=0000 at_present=531
autoinput: vblank=1712 mask=0008 at_present=602
autoinput: vblank=1716 mask=0000 at_present=604
autoinput: vblank=1755 mask=0080 at_present=624
autoinput: vblank=1764 mask=0000 at_present=628
autoinput: vblank=1783 mask=0008 at_present=638
autoinput: vblank=1787 mask=0000 at_present=640
autoinput: vblank=1793 mask=0008 at_present=643
autoinput: vblank=1798 mask=0000 at_present=645
autoinput: vblank=1832 mask=0008 at_present=662
autoinput: vblank=1838 mask=0000 at_present=665
autoinput: vblank=2904 mask=0008 at_present=1260
ptrace: armed_at_present=1721 vblank=3630 prims/semi/fills per present: 0/0/0 2143/32/1 2153/32/1 2149/32/1 2147/32/1 2696/37/2 744/1/1 749/1/1 747/1/1 742/1/1 740/1/1 740/1/1 748/1/1 753/1/1 754/1/1 753/1/1
pt: +0 cmd=f5 ---- abr=0 col=03c000 (0,240)-(0,0)
pt: +1 cmd=f8 ---- abr=0 col=000002 (0,0)-(0,0)
pt: +1 cmd=e3 ---- abr=0 col=002000 (0,8)-(0,0)
pt: +1 cmd=e4 ---- abr=0 col=039dff (511,231)-(0,0)
pt: +1 cmd=e5 ---- abr=0 col=000000 (0,0)-(0,0)
pt: +1 cmd=02 ---- abr=0 col=44ba52 (0,8)-(512,232)
pt: +1 cmd=01 ---- abr=0 col=000000 (0,8)-(512,232)
pt: +1 cmd=30 ---G abr=0 col=c4b3ff (490,6)-(588,16)
pt: +1 cmd=30 ---G abr=0 col=e1c9ff (488,6)-(588,16)
pt: +1 cmd=30 ---G abr=0 col=e1c9ff (488,6)-(588,14)
pt: +1 cmd=30 ---G abr=0 col=e1c9ff (496,22)-(571,29)
pt: +1 cmd=30 ---G abr=0 col=c4b3ff (460,-19)-(737,7)
pt: +1 cmd=30 ---G abr=0 col=c4b3ff (460,-19)-(737,7)
pt: +1 cmd=30 ---G abr=0 col=c4b3ff (499,-19)-(737,3)
pt: +1 cmd=30 ---G abr=0 col=c4b3ff (490,12)-(553,18)
pt: +1 cmd=30 ---G abr=0 col=c4b3ff (507,12)-(553,18)
pt: +1 cmd=30 ---G abr=0 col=e1c9ff (496,26)-(571,31)
pt: +1 cmd=30 ---G abr=0 col=e1c9ff (484,18)-(551,22)
pt: +1 cmd=30 ---G abr=0 col=c4b3ff (484,18)-(569,22)
pt: +1 cmd=30 ---G abr=0 col=e1c9ff (484,22)-(569,29)
pt: +1 cmd=30 ---G abr=0 col=c4b3ff (497,-10)-(627,3)
pt: +1 cmd=30 ---G abr=0 col=fac5fe (497,-13)-(627,1)
pt: +1 cmd=30 ---G abr=0 col=fac5fe (497,-23)-(619,1)
pt: +1 cmd=30 ---G abr=0 col=e1c9ff (496,29)-(552,31)
pt: +1 cmd=30 ---G abr=0 col=ffb9ef (509,36)-(544,42)
pt: +1 cmd=30 ---G abr=0 col=ffb9ef (496,31)-(552,33)
pt: +1 cmd=30 ---G abr=0 col=ffb9ef (509,31)-(552,36)
pt: +1 cmd=30 ---G abr=0 col=cc9aff (509,31)-(552,36)
pt: +1 cmd=30 ---G abr=0 col=ffb9ef (509,35)-(544,39)
pt: +1 cmd=30 ---G abr=0 col=ffe5d5 (259,43)-(284,47)
pt: +1 cmd=30 ---G abr=0 col=e1c9ff (450,12)-(488,14)
pt: +1 cmd=30 ---G abr=0 col=e1c9ff (488,9)-(523,14)
pt: +1 cmd=20 ---- abr=0 col=e1c9ff (510,6)-(537,9)
pt: +1 cmd=30 ---G abr=0 col=fac5fe (386,8)-(422,12)
pt: +1 cmd=20 ---- abr=0 col=e1c9ff (503,6)-(512,9)
pt: +1 cmd=30 ---G abr=0 col=ffe5d5 (358,47)-(394,49)
pt: +1 cmd=30 ---G abr=0 col=c4b3ff (449,14)-(490,18)
pt: +1 cmd=30 ---G abr=0 col=c7e3ff (310,30)-(332,41)
pt: +1 cmd=30 ---G abr=0 col=c4b3ff (293,30)-(332,41)
pt: +1 cmd=30 ---G abr=0 col=c7e3ff (310,40)-(331,44)
pt: +1 cmd=30 ---G abr=0 col=c4b3ff (313,40)-(332,44)
pt: +1 cmd=30 ---G abr=0 col=ffb9ef (313,44)-(346,46)
pt: +1 cmd=30 ---G abr=0 col=ffe5d5 (313,44)-(346,47)
pt: +1 cmd=30 ---G abr=0 col=c4b3ff (488,9)-(523,12)
pt: +1 cmd=30 ---G abr=0 col=ffb9ef (264,43)-(313,47)
pt: +1 cmd=30 ---G abr=0 col=c4b3ff (271,34)-(293,38)
pt: +1 cmd=30 ---G abr=0 col=c7e3ff (264,41)-(313,44)
pt: +1 cmd=30 ---G abr=0 col=c7e3ff (290,41)-(313,44)
pt: +1 cmd=30 ---G abr=0 col=c7e3ff (284,34)-(310,41)
pt: +1 cmd=30 ---G abr=0 col=ffb9ef (291,30)-(332,34)
pt: +1 cmd=30 ---G abr=0 col=c4b3ff (291,28)-(332,31)
pt: +1 cmd=30 ---G abr=0 col=c4b3ff (270,28)-(303,31)
pt: +1 cmd=30 ---G abr=0 col=c7e3ff (284,38)-(310,41)
pt: +1 cmd=30 ---G abr=0 col=ffb9ef (264,38)-(290,43)
pt: +1 cmd=30 ---G abr=0 col=cfe5ff (270,25)-(303,29)
pt: +1 cmd=30 ---G abr=0 col=ffb9ef (245,38)-(284,43)
pt: +1 cmd=30 ---G abr=0 col=ffb9ef (219,38)-(284,41)
pt: +1 cmd=30 ---G abr=0 col=ffb9ef (218,38)-(284,41)
pt: +1 cmd=30 ---G abr=0 col=fe9cdf (257,15)-(338,18)
pt: +1 cmd=20 ---- abr=0 col=ffb9ef (274,14)-(338,16)
pt: +1 cmd=20 ---- abr=0 col=ffb9ef (274,14)-(338,15)
pt: +1 cmd=30 ---G abr=0 col=ffb9ef (320,11)-(367,15)
pt: +1 cmd=30 ---G abr=0 col=ffb9ef (338,11)-(389,15)
pt: +1 cmd=30 ---G abr=0 col=fac5fe (367,11)-(389,13)
pt: +1 cmd=30 ---G abr=0 col=fac5fe (367,7)-(417,12)
pt: +1 cmd=30 ---G abr=0 col=fac5fe (310,5)-(355,7)
pt: +1 cmd=30 ---G abr=0 col=c7e3ff (343,4)-(368,7)
pt: +1 cmd=30 ---G abr=0 col=fac5fe (327,4)-(355,7)
pt: +1 cmd=30 ---G abr=0 col=c7e3ff (355,5)-(402,7)
pt: +1 cmd=30 ---G abr=0 col=c0eaff (355,5)-(426,7)
pt: +1 cmd=30 ---G abr=0 col=fac5fe (355,5)-(426,7)
pt: +1 cmd=30 ---G abr=0 col=fac5fe (355,7)-(417,11)
pt: +1 cmd=30 ---G abr=0 col=ffb9ef (320,7)-(367,14)
pt: +1 cmd=30 ---G abr=0 col=ffb9ef (274,7)-(355,14)
pt: +1 cmd=30 ---G abr=0 col=fac5fe (245,7)-(355,14)
pt: +1 cmd=30 ---G abr=0 col=fac5fe (230,7)-(355,12)
pt: +1 cmd=30 ---G abr=0 col=fac5fe (230,7)-(355,11)
pt: +1 cmd=30 ---G abr=0 col=fac5fe (242,6)-(355,9)
pt: +1 cmd=30 ---G abr=0 col=ffb9ef (374,36)-(396,39)
pt: +1 cmd=30 ---G abr=0 col=c4b3ff (218,36)-(284,38)
pt: +1 cmd=30 ---G abr=0 col=c4daff (385,37)-(429,39)
pt: +1 cmd=30 ---G abr=0 col=c4b3ff (385,39)-(429,42)
pt: +1 cmd=30 ---G abr=0 col=c4b3ff (385,39)-(408,45)
pt: +1 cmd=30 ---G abr=0 col=ffb9ef (358,39)-(390,47)
pt: +1 cmd=30 ---G abr=0 col=ffb9ef (346,39)-(385,47)
pt: +1 cmd=30 ---G abr=0 col=c4b3ff (332,39)-(385,46)
pt: +1 cmd=30 ---G abr=0 col=c7e3ff (331,39)-(385,44)
pt: +1 cmd=20 ---- abr=0 col=c7e3ff (331,38)-(385,40)
pt: +1 cmd=30 ---G abr=0 col=c4b3ff (344,36)-(385,39)
pt: +1 cmd=30 ---G abr=0 col=c4b3ff (239,36)-(284,38)
pt: +1 cmd=30 ---G abr=0 col=c4b3ff (338,13)-(389,16)
pt: +1 cmd=30 ---G abr=0 col=c4b3ff (382,13)-(445,16)
pt: +1 cmd=30 ---G abr=0 col=e1c9ff (382,14)-(488,16)
pt: +1 cmd=30 ---G abr=0 col=c4b3ff (382,14)-(488,18)
pt: +1 cmd=30 ---G abr=0 col=ffb9ef (382,16)-(449,23)
pt: +1 cmd=30 ---G abr=0 col=c4b3ff (323,16)-(392,26)
pt: +1 cmd=30 ---G abr=0 col=cfe5ff (272,16)-(382,26)
pt: +1 cmd=30 ---G abr=0 col=fec5fe (230,16)-(382,25)
pt: +1 cmd=30 ---G abr=0 col=fe9cdf (230,16)-(382,22)
pt: +1 cmd=30 ---G abr=0 col=ffb9ef (257,15)-(382,18)
pt: +1 cmd=30 ---G abr=0 col=c4b3ff (303,26)-(332,30)
pt: +1 cmd=30 ---G abr=0 col=fec5fe (323,26)-(374,30)
pt: +1 cmd=30 ---G abr=0 col=c4b3ff (374,31)-(403,36)
pt: +1 cmd=30 ---G abr=0 col=cfe5ff (272,25)-(323,28)
pt: +1 cmd=30 ---G abr=0 col=e1c9ff (374,33)-(403,37)
pt: +1 cmd=30 ---G abr=0 col=e1c9ff (396,32)-(447,37)
pt: +1 cmd=30 ---G abr=0 col=c4b3ff (323,23)-(392,27)
pt: +1 cmd=30 ---G abr=0 col=c4b3ff (332,27)-(376,31)
pt: +1 cmd=30 ---G abr=0 col=ffb9ef (252,29)-(291,31)
pt: +1 cmd=30 ---G abr=0 col=c4b3ff (332,30)-(376,36)
pt: +1 cmd=30 ---G abr=0 col=c4b3ff (252,31)-(293,34)
pt: +1 cmd=30 ---G abr=0 col=c4b3ff (252,31)-(293,36)
pt: +1 cmd=30 ---G abr=0 col=ffb9ef (392,18)-(459,23)
pt: +1 cmd=30 ---G abr=0 col=c4b3ff (449,16)-(490,20)
pt: +1 cmd=30 ---G abr=0 col=c4b3ff (459,18)-(507,22)
pt: +1 cmd=30 ---G abr=0 col=e1c9ff (459,16)-(507,20)
pt: +1 cmd=30 ---G abr=0 col=e1c9ff (447,22)-(496,32)
pt: +1 cmd=30 ---G abr=0 col=e1c9ff (403,22)-(484,33)
pt: +1 cmd=30 ---G abr=0 col=c4b3ff (376,22)-(484,33)
pt: +1 cmd=30 ---G abr=0 col=fec5fe (374,22)-(484,31)
pt: +1 cmd=30 ---G abr=0 col=ffb9ef (374,22)-(484,27)
pt: +1 cmd=30 ---G abr=0 col=e1c9ff (392,20)-(484,23)
pt: +1 cmd=30 ---G abr=0 col=c7e3ff (332,30)-(374,38)
pt: +1 cmd=30 ---G abr=0 col=c7e3ff (331,30)-(344,40)
pt: +1 cmd=30 ---G abr=0 col=c4b3ff (284,44)-(313,48)
pt: +1 cmd=30 ---G abr=0 col=c4b3ff (306,44)-(334,48)
pt: +1 cmd=30 ---G abr=0 col=ffb9ef (237,-5)-(308,6)
pt: +1 cmd=30 ---G abr=0 col=fac5fe (268,-12)-(395,1)
pt: +1 cmd=30 ---G abr=0 col=fac5fe (327,1)-(343,5)
pt: +1 cmd=30 ---G abr=0 col=fe9cdf (257,16)-(283,18)
pt: +1 cmd=30 ---G abr=0 col=ffb9ef (334,46)-(358,47)
pt: +1 cmd=30 ---G abr=0 col=fac5fe (237,6)-(310,9)
pt: +1 cmd=30 ---G abr=0 col=fe9cdf (258,15)-(283,16)
pt: +1 cmd=30 ---G abr=0 col=c4b3ff (443,3)-(499,8)
pt: +1 cmd=30 ---G abr=0 col=e1c9ff (460,6)-(512,7)
pt: +1 cmd=30 ---G abr=0 col=e1c9ff (443,7)-(503,8)
pt: +1 cmd=30 ---G abr=0 col=fac5fe (443,1)-(499,8)
pt: +1 cmd=30 ---G abr=0 col=ffb9ef (237,4)-(310,6)
pt: +1 cmd=20 ---- abr=0 col=ffb9ef (269,14)-(283,16)
pt: +1 cmd=30 ---G abr=0 col=c4b3ff (488,7)-(510,12)
pt: +1 cmd=30 ---G abr=0 col=ffb9ef (343,-12)-(395,2)
pt: +1 cmd=30 ---G abr=0 col=fac5fe (368,-12)-(440,4)
pt: +1 cmd=30 ---G abr=0 col=fac5fe (443,7)-(503,12)
pt: +1 cmd=30 ---G abr=0 col=fac5fe (443,8)-(488,12)
pt: +1 cmd=30 ---G abr=0 col=fac5fe (308,4)-(327,6)
pt: +1 cmd=30 ---G abr=0 col=ffb9ef (308,1)-(343,5)
pt: +1 cmd=20 ---- abr=0 col=fac5fe (422,4)-(443,8)
pt: +1 cmd=30 ---G abr=0 col=fac5fe (440,-23)-(561,4)
pt: +1 cmd=30 ---G abr=0 col=fac5fe (422,8)-(450,12)
pt: +1 cmd=30 ---G abr=0 col=ffb9ef (268,-5)-(343,4)
pt: +1 cmd=30 ---G abr=0 col=fac5fe (395,8)-(450,12)
pt: +1 cmd=20 ---- abr=0 col=fac5fe (440,1)-(497,8)
pt: +1 cmd=30 ---G abr=0 col=f4aedc (395,-23)-(561,4)
pt: +1 cmd=20 ---- abr=0 col=c4b3ff (386,11)-(395,13)
pt: +1 cmd=30 ---G abr=0 col=c0eaff (417,4)-(440,7)
pt: +1 cmd=20 ---- abr=0 col=fac5fe (417,4)-(440,8)
pt: +1 cmd=30 ---G abr=0 col=fac5fe (386,7)-(422,12)
pt: +1 cmd=30 ---G abr=0 col=ffc2c9 (394,39)-(441,47)
pt: +1 cmd=30 ---G abr=0 col=c4b3ff (408,39)-(441,42)
pt: +1 cmd=30 ---G abr=0 col=ffb9ef (420,37)-(441,39)
pt: +1 cmd=30 ---G abr=0 col=c4daff (396,37)-(429,39)
pt: +1 cmd=30 ---G abr=0 col=c4b3ff (395,11)-(450,14)
pt: +1 cmd=30 ---G abr=0 col=c4b3ff (445,12)-(488,14)
pt: +1 cmd=30 ---G abr=0 col=ffb9ef (420,32)-(452,37)
pt: +1 cmd=30 ---G abr=0 col=ffb9ef (447,31)-(496,34)
pt: +1 cmd=30 ---G abr=0 col=e1c9ff (447,29)-(496,32)
pt: +1 cmd=30 ---G abr=0 col=ffc2c9 (386,47)-(411,49)
pt: +1 cmd=30 ---G abr=0 col=ffb9ef (394,39)-(441,48)
pt: +1 cmd=30 ---G abr=0 col=ffb9ef (411,39)-(447,48)
pt: +1 cmd=30 ---G abr=0 col=ffb9ef (441,39)-(479,46)
pt: +1 cmd=30 ---G abr=0 col=ffb9ef (441,34)-(479,43)
pt: +1 cmd=20 ---- abr=0 col=ffb9ef (420,34)-(452,39)
pt: +1 cmd=30 ---G abr=0 col=ffb9ef (452,31)-(496,43)
pt: +1 cmd=30 ---G abr=0 col=ffb9ef (479,31)-(509,43)
pt: +1 cmd=30 ---G abr=0 col=ffb9ef (479,36)-(519,43)
pt: +1 cmd=20 ---- abr=0 col=ffb9ef (496,31)-(528,36)
pt: +1 cmd=20 ---- abr=0 col=e1c9ff (510,7)-(537,9)
pt: +1 cmd=30 ---G abr=0 col=ffb9ef (396,32)-(447,37)
pt: +1 cmd=30 ---G abr=0 col=fac5fe (343,1)-(368,5)
pt: +1 cmd=30 ---G abr=0 col=ffb9ef (343,1)-(368,5)
pt: +1 cmd=30 ---G abr=0 col=c7e3ff (368,2)-(402,5)
pt: +1 cmd=30 ---G abr=0 col=fac5fe (368,2)-(440,5)
pt: +1 cmd=30 ---G abr=0 col=c7e3ff (402,4)-(440,5)
pt: +1 cmd=30 ---G abr=0 col=ffb9ef (358,45)-(394,47)
pt: +1 cmd=20 ---- abr=0 col=c4b3ff (389,11)-(445,14)
pt: +1 cmd=30 ---G abr=0 col=c4b3ff (390,42)-(408,47)
pt: +1 cmd=30 ---G abr=0 col=ffef96 (438,77)-(603,84)
pt: +1 cmd=30 ---G abr=0 col=ffef96 (438,80)-(603,88)
pt: +1 cmd=30 ---G abr=0 col=ffffc5 (439,43)-(479,77)
pt: +1 cmd=30 ---G abr=0 col=ffe5d5 (439,42)-(519,77)
pt: +1 cmd=30 ---G abr=0 col=ffffc5 (439,42)-(603,80)
pt: +1 cmd=30 ---G abr=0 col=3ed379 (187,64)-(215,71)
pt: +1 cmd=30 ---G abr=0 col=30963f (160,67)-(193,71)
pt: +1 cmd=30 ---G abr=0 col=3ed379 (174,64)-(193,71)
pt: +1 cmd=30 ---G abr=0 col=ffffc5 (321,77)-(439,84)
pt: +1 cmd=30 ---G abr=0 col=ffffc5 (321,76)-(439,82)
pt: +1 cmd=30 ---G abr=0 col=ffef96 (215,70)-(321,82)
pt: +1 cmd=30 ---G abr=0 col=ffffc5 (187,64)-(321,76)
pt: +1 cmd=20 ---- abr=0 col=ffe5d5 (176,47)-(205,64)
pt: +1 cmd=20 ---- abr=0 col=ffe5d5 (187,44)-(228,64)
pt: +1 cmd=20 ---- abr=0 col=ffe5d5 (187,44)-(259,64)
pt: +1 cmd=20 ---- abr=0 col=ffe5d5 (187,45)-(284,64)
pt: +1 cmd=30 ---G abr=0 col=ffe5d5 (187,50)-(321,76)
pt: +1 cmd=30 ---G abr=0 col=ffe5d5 (284,50)-(321,76)
pt: +1 cmd=30 ---G abr=0 col=ffe5d5 (306,51)-(334,76)
pt: +1 cmd=30 ---G abr=0 col=ffe5d5 (321,50)-(358,76)
pt: +1 cmd=30 ---G abr=0 col=ffe5d5 (321,49)-(386,76)
pt: +1 cmd=30 ---G abr=0 col=ffe5d5 (259,45)-(284,50)
pt: +1 cmd=30 ---G abr=0 col=ffb9ef (284,47)-(306,50)
pt: +1 cmd=30 ---G abr=0 col=ffe5d5 (284,48)-(306,51)
pt: +1 cmd=30 ---G abr=0 col=ffb9ef (306,47)-(334,51)
pt: +1 cmd=20 ---- abr=0 col=ffe5d5 (306,47)-(334,51)
pt: +1 cmd=30 ---G abr=0 col=ffe5d5 (334,47)-(358,51)
pt: +1 cmd=30 ---G abr=0 col=ffe5d5 (334,47)-(358,51)
pt: +1 cmd=30 ---G abr=0 col=ffe5d5 (358,47)-(386,50)
pt: +1 cmd=30 ---G abr=0 col=ffffc5 (321,49)-(439,77)
pt: +1 cmd=30 ---G abr=0 col=ffffc5 (386,48)-(439,77)
pt: +1 cmd=30 ---G abr=0 col=ffffc5 (411,46)-(447,77)
pt: +1 cmd=20 ---- abr=0 col=ffe5d5 (-13,51)-(16,54)
pt: +1 cmd=30 ---G abr=0 col=ffe5d5 (-25,52)-(7,54)
pt: +1 cmd=30 ---G abr=0 col=ffe5d5 (-25,54)-(7,59)
pt: +1 cmd=30 ---G abr=0 col=c4daff (-11,-2)-(3,2)
pt: +1 cmd=30 ---G abr=0 col=c4daff (-1,-2)-(15,1)
pt: +1 cmd=30 ---G abr=0 col=bcc0ff (3,-1)-(30,1)
pt: +1 cmd=20 ---- abr=0 col=bcc0ff (15,-1)-(38,1)
pt: +1 cmd=30 ---G abr=0 col=fed5fe (-32,40)-(1,42)
pt: +1 cmd=30 ---G abr=0 col=fed5fe (-6,40)-(21,43)
pt: +1 cmd=30 ---G abr=0 col=ddf8ff (-4,34)-(39,37)
pt: +1 cmd=30 ---G abr=0 col=cfe5ff (-20,20)-(21,24)
pt: +1 cmd=30 ---G abr=0 col=ccd9ff (-29,24)-(9,32)
pt: +1 cmd=30 ---G abr=0 col=cfe5ff (-48,32)-(15,37)
pt: +1 cmd=30 ---G abr=0 col=bcc0ff (-48,32)-(15,40)
pt: +1 cmd=30 ---G abr=0 col=bcc0ff (-48,32)-(1,41)
pt: +1 cmd=30 ---G abr=0 col=c4b3ff (-29,29)-(9,34)
pt: +1 cmd=30 ---G abr=0 col=c4b3ff (-4,32)-(31,34)
pt: +1 cmd=30 ---G abr=0 col=ddf8ff (-4,34)-(39,37)
pt: +1 cmd=30 ---G abr=0 col=c4b3ff (-47,13)-(31,20)
pt: +1 cmd=30 ---G abr=0 col=bcc0ff (-20,20)-(31,23)
pt: +1 cmd=30 ---G abr=0 col=ffbbeb (-47,13)-(31,20)
pt: +1 cmd=30 ---G abr=0 col=fed5fe (-13,42)-(16,52)
pt: +1 cmd=30 ---G abr=0 col=ffb9ef (245,41)-(264,45)
pt: +1 cmd=20 ---- abr=0 col=ffb9ef (153,35)-(185,39)
pt: +1 cmd=30 ---G abr=0 col=fe9cdf (158,14)-(178,17)
pt: +1 cmd=30 ---G abr=0 col=ffb9ef (178,15)-(213,22)
pt: +1 cmd=30 ---G abr=0 col=fe9cdf (182,15)-(257,22)
pt: +1 cmd=30 ---G abr=0 col=c4b3ff (182,22)-(230,26)
pt: +1 cmd=30 ---G abr=0 col=c4b3ff (182,22)-(227,26)
pt: +1 cmd=30 ---G abr=0 col=e1c9ff (153,22)-(195,30)
pt: +1 cmd=30 ---G abr=0 col=cfe5ff (153,21)-(182,30)
pt: +1 cmd=30 ---G abr=0 col=c4b3ff (227,25)-(272,29)
pt: +1 cmd=30 ---G abr=0 col=fe9cdf (158,17)-(182,22)
pt: +1 cmd=30 ---G abr=0 col=fe9cdf (158,17)-(182,22)
pt: +1 cmd=20 ---- abr=0 col=ffb9ef (181,11)-(213,15)
pt: +1 cmd=30 ---G abr=0 col=fe9cdf (178,14)-(213,17)
pt: +1 cmd=30 ---G abr=0 col=fac5fe (158,14)-(190,17)
pt: +1 cmd=30 ---G abr=0 col=ffb9ef (151,10)-(190,14)
pt: +1 cmd=20 ---- abr=0 col=ffb9ef (151,10)-(190,14)
pt: +1 cmd=30 ---G abr=0 col=fec5fe (182,18)-(257,22)
pt: +1 cmd=30 ---G abr=0 col=c4b3ff (227,26)-(270,31)
pt: +1 cmd=30 ---G abr=0 col=fec5fe (227,22)-(272,26)
pt: +1 cmd=30 ---G abr=0 col=c4b3ff (239,31)-(271,36)
pt: +1 cmd=30 ---G abr=0 col=ffb9ef (185,31)-(252,36)
pt: +1 cmd=20 ---- abr=0 col=ffb9ef (185,36)-(219,41)
pt: +1 cmd=30 ---G abr=0 col=ffb9ef (153,31)-(252,36)
pt: +1 cmd=30 ---G abr=0 col=e1c9ff (153,30)-(252,35)
pt: +1 cmd=30 ---G abr=0 col=c4b3ff (153,26)-(252,31)
pt: +1 cmd=30 ---G abr=0 col=c4b3ff (195,26)-(252,31)
pt: +1 cmd=30 ---G abr=0 col=ffb9ef (185,36)-(239,38)
pt: +1 cmd=30 ---G abr=0 col=ffd2ea (138,-15)-(183,9)
pt: +1 cmd=30 ---G abr=0 col=ffb9ef (138,-15)-(237,10)
pt: +1 cmd=30 ---G abr=0 col=ffd5db (138,-15)-(217,10)
pt: +1 cmd=30 ---G abr=0 col=ffb9ef (150,9)-(181,11)
pt: +1 cmd=30 ---G abr=0 col=ffd5db (150,8)-(183,11)
pt: +1 cmd=30 ---G abr=0 col=ffb9ef (181,8)-(213,15)
pt: +1 cmd=30 ---G abr=0 col=ffb9ef (245,12)-(274,15)
pt: +1 cmd=30 ---G abr=0 col=fac5fe (217,13)-(258,18)
pt: +1 cmd=30 ---G abr=0 col=ffb9ef (217,10)-(241,13)
pt: +1 cmd=30 ---G abr=0 col=fac5fe (217,9)-(242,11)
pt: +1 cmd=30 ---G abr=0 col=ffb9ef (217,6)-(242,10)
pt: +1 cmd=30 ---G abr=0 col=ffb9ef (213,13)-(257,18)
pt: +1 cmd=30 ---G abr=0 col=ffd5db (183,8)-(217,15)
pt: +1 cmd=30 ---G abr=0 col=fac5fe (230,11)-(245,13)
pt: +1 cmd=30 ---G abr=0 col=ffb9ef (241,12)-(269,15)
pt: +1 cmd=30 ---G abr=0 col=ffb9ef (217,10)-(241,13)
pt: +1 cmd=30 ---G abr=0 col=ffb9ef (241,13)-(269,16)
pt: +1 cmd=30 ---G abr=0 col=ffd2ea (138,-15)-(268,6)
pt: +1 cmd=30 ---G abr=0 col=ffd5db (183,8)-(217,13)
pt: +1 cmd=30 ---G abr=0 col=fac5fe (217,13)-(258,16)
pt: +1 cmd=30 ---G abr=0 col=ffd5db (115,-8)-(127,1)
pt: +1 cmd=30 ---G abr=0 col=ffd5db (125,-8)-(132,2)
pt: +1 cmd=30 ---G abr=0 col=ffd2ea (98,1)-(132,2)
pt: +1 cmd=30 ---G abr=0 col=ffd5db (98,2)-(132,4)
pt: +1 cmd=30 ---G abr=0 col=ffcce0 (97,2)-(112,4)
pt: +1 cmd=30 ---G abr=0 col=c4b3ff (97,4)-(112,6)
pt: +1 cmd=30 ---G abr=0 col=c4b3ff (109,4)-(151,10)
pt: +1 cmd=30 ---G abr=0 col=fabdfe (112,4)-(151,10)
pt: +1 cmd=30 ---G abr=0 col=ffd5db (112,2)-(150,9)
pt: +1 cmd=30 ---G abr=0 col=ffd5db (132,-15)-(150,9)
pt: +1 cmd=30 ---G abr=0 col=ffd5db (127,-15)-(138,2)
pt: +1 cmd=30 ---G abr=0 col=ffe5d5 (-6,42)-(66,47)
pt: +1 cmd=30 ---G abr=0 col=ffe5d5 (21,43)-(66,47)
pt: +1 cmd=30 ---G abr=0 col=ffe5d5 (54,41)-(66,47)
pt: +1 cmd=30 ---G abr=0 col=efd4ff (61,41)-(75,47)
pt: +1 cmd=30 ---G abr=0 col=efd4ff (39,37)-(75,41)
pt: +1 cmd=30 ---G abr=0 col=fed5fe (39,37)-(91,41)
pt: +1 cmd=30 ---G abr=0 col=ffcce0 (31,34)-(91,40)
pt: +1 cmd=30 ---G abr=0 col=ffcce0 (31,34)-(91,40)
pt: +1 cmd=30 ---G abr=0 col=fed5fe (91,35)-(124,40)
pt: +1 cmd=30 ---G abr=0 col=ffcce0 (91,35)-(124,37)
pt: +1 cmd=30 ---G abr=0 col=c4b3ff (97,34)-(124,35)
pt: +1 cmd=30 ---G abr=0 col=ffb9ef (123,34)-(154,39)
pt: +1 cmd=30 ---G abr=0 col=fec5fe (123,34)-(154,39)
pt: +1 cmd=20 ---- abr=0 col=c4b3ff (86,4)-(109,6)
pt: +1 cmd=30 ---G abr=0 col=ffcce0 (86,2)-(98,4)
pt: +1 cmd=30 ---G abr=0 col=cfe5ff (119,17)-(158,21)
pt: +1 cmd=30 ---G abr=0 col=ddf8ff (82,11)-(158,18)
pt: +1 cmd=30 ---G abr=0 col=fe9cdf (82,11)-(158,17)
pt: +1 cmd=30 ---G abr=0 col=ddf8ff (61,11)-(119,18)
pt: +1 cmd=30 ---G abr=0 col=cfe5ff (109,18)-(158,23)
pt: +1 cmd=30 ---G abr=0 col=c4b3ff (-1,23)-(55,26)
pt: +1 cmd=30 ---G abr=0 col=bcc0ff (-1,24)-(55,29)
pt: +1 cmd=30 ---G abr=0 col=c4b3ff (-1,24)-(50,32)
pt: +1 cmd=30 ---G abr=0 col=bcc0ff (38,-1)-(86,4)
pt: +1 cmd=30 ---G abr=0 col=c4b3ff (74,2)-(98,4)
pt: +1 cmd=30 ---G abr=0 col=c4b3ff (50,29)-(97,35)
pt: +1 cmd=30 ---G abr=0 col=ffcce0 (63,33)-(97,37)
pt: +1 cmd=30 ---G abr=0 col=ffcce0 (31,33)-(91,37)
pt: +1 cmd=30 ---G abr=0 col=c4b3ff (9,32)-(63,34)
pt: +1 cmd=30 ---G abr=0 col=bcc0ff (9,29)-(63,33)
pt: +1 cmd=30 ---G abr=0 col=efd4ff (39,37)-(61,41)
pt: +1 cmd=30 ---G abr=0 col=ffe5d5 (43,40)-(61,45)
pt: +1 cmd=30 ---G abr=0 col=fed5fe (21,40)-(54,45)
pt: +1 cmd=30 ---G abr=0 col=bcc0ff (1,40)-(43,43)
pt: +1 cmd=30 ---G abr=0 col=cfe5ff (1,37)-(43,40)
pt: +1 cmd=30 ---G abr=0 col=fed5fe (15,37)-(43,40)
pt: +1 cmd=30 ---G abr=0 col=cfe5ff (109,21)-(158,28)
pt: +1 cmd=30 ---G abr=0 col=e1c9ff (115,21)-(158,30)
pt: +1 cmd=30 ---G abr=0 col=ffb9ef (115,28)-(153,35)
pt: +1 cmd=30 ---G abr=0 col=fec5fe (115,28)-(153,35)
pt: +1 cmd=30 ---G abr=0 col=c4b3ff (97,28)-(123,35)
pt: +1 cmd=30 ---G abr=0 col=bcc0ff (50,28)-(115,35)
pt: +1 cmd=30 ---G abr=0 col=c4b3ff (50,26)-(115,29)
pt: +1 cmd=30 ---G abr=0 col=cfe5ff (55,24)-(115,28)
pt: +1 cmd=30 ---G abr=0 col=ffbbeb (51,20)-(115,28)
pt: +1 cmd=30 ---G abr=0 col=ffbbeb (51,20)-(115,28)
pt: +1 cmd=30 ---G abr=0 col=c4b3ff (75,20)-(115,28)
pt: +1 cmd=30 ---G abr=0 col=ffd2ea (66,-5)-(125,1)
pt: +1 cmd=30 ---G abr=0 col=ffcce0 (66,-4)-(125,2)
pt: +1 cmd=30 ---G abr=0 col=c4b3ff (66,-4)-(98,2)
pt: +1 cmd=30 ---G abr=0 col=bcc0ff (38,-4)-(74,2)
pt: +1 cmd=30 ---G abr=0 col=cfe5ff (110,13)-(158,17)
pt: +1 cmd=30 ---G abr=0 col=c4b3ff (86,4)-(109,7)
pt: +1 cmd=30 ---G abr=0 col=ffb9ef (100,6)-(151,10)
pt: +1 cmd=30 ---G abr=0 col=fac5fe (100,7)-(158,14)
pt: +1 cmd=30 ---G abr=0 col=cfe5ff (100,7)-(158,14)
pt: +1 cmd=30 ---G abr=0 col=ddf8ff (82,7)-(110,13)
pt: +1 cmd=30 ---G abr=0 col=c4daff (51,7)-(100,11)
pt: +1 cmd=30 ---G abr=0 col=c4daff (3,1)-(100,9)
pt: +1 cmd=30 ---G abr=0 col=bcc0ff (3,1)-(100,7)
pt: +1 cmd=30 ---G abr=0 col=bcc0ff (30,-1)-(100,7)
pt: +1 cmd=30 ---G abr=0 col=c4b3ff (38,-1)-(100,7)
pt: +1 cmd=30 ---G abr=0 col=c4b3ff (21,20)-(59,24)
pt: +1 cmd=30 ---G abr=0 col=cfe5ff (21,23)-(59,26)
pt: +1 cmd=30 ---G abr=0 col=c4b3ff (31,20)-(59,24)
pt: +1 cmd=30 ---G abr=0 col=ffbbeb (-4,14)-(51,20)
pt: +1 cmd=30 ---G abr=0 col=ddf8ff (-11,1)-(51,9)
pt: +1 cmd=30 ---G abr=0 col=c4daff (-11,2)-(61,13)
pt: +1 cmd=30 ---G abr=0 col=ddf8ff (51,9)-(82,13)
pt: +1 cmd=30 ---G abr=0 col=c4b3ff (61,13)-(119,23)
pt: +1 cmd=30 ---G abr=0 col=ffbbeb (61,13)-(109,23)
pt: +1 cmd=30 ---G abr=0 col=ffbbeb (51,13)-(75,20)
pt: +1 cmd=30 ---G abr=0 col=ffbbeb (-4,13)-(61,20)
pt: +1 cmd=30 ---G abr=0 col=c4b3ff (-65,8)-(61,14)
pt: +1 cmd=30 ---G abr=0 col=ddf8ff (-65,4)-(61,13)
pt: +1 cmd=30 ---G abr=0 col=cfe5ff (-61,3)-(61,13)
pt: +1 cmd=30 ---G abr=0 col=ddf8ff (-33,2)-(61,13)
pt: +1 cmd=30 ---G abr=0 col=fed5fe (-6,42)-(54,51)
pt: +1 cmd=30 ---G abr=0 col=fed5fe (-6,42)-(66,50)
pt: +1 cmd=20 ---- abr=0 col=ffe5d5 (54,47)-(92,50)
pt: +1 cmd=30 ---G abr=0 col=efd4ff (66,41)-(92,50)
pt: +1 cmd=30 ---G abr=0 col=efd4ff (75,40)-(92,50)
pt: +1 cmd=30 ---G abr=0 col=fed5fe (91,40)-(120,51)
pt: +1 cmd=30 ---G abr=0 col=ffb9ef (91,35)-(124,51)
pt: +1 cmd=30 ---G abr=0 col=ffb9ef (120,35)-(146,51)
pt: +1 cmd=30 ---G abr=0 col=ffb9ef (124,35)-(154,50)
pt: +1 cmd=30 ---G abr=0 col=ffb9ef (146,39)-(176,50)
pt: +1 cmd=30 ---G abr=0 col=ffb9ef (154,39)-(185,49)
pt: +1 cmd=30 ---G abr=0 col=ffb9ef (176,39)-(205,49)
pt: +1 cmd=30 ---G abr=0 col=ffb9ef (185,39)-(228,47)
pt: +1 cmd=30 ---G abr=0 col=ffb9ef (185,36)-(228,44)
pt: +1 cmd=30 ---G abr=0 col=ffb9ef (185,36)-(228,44)
pt: +1 cmd=30 ---G abr=0 col=ffe5d5 (219,41)-(259,45)
pt: +1 cmd=30 ---G abr=0 col=ffb9ef (219,41)-(259,45)
pt: +1 cmd=20 ---- abr=0 col=ffb9ef (153,35)-(185,39)
pt: +1 cmd=30 ---G abr=0 col=3bab4f (-24,68)-(33,71)
pt: +1 cmd=30 ---G abr=0 col=ffe5d5 (164,63)-(187,67)
pt: +1 cmd=30 ---G abr=0 col=3ed379 (149,63)-(174,67)
pt: +1 cmd=30 ---G abr=0 col=ffe5d5 (119,62)-(143,63)
pt: +1 cmd=30 ---G abr=0 col=3ed379 (143,62)-(164,65)
pt: +1 cmd=30 ---G abr=0 col=30963f (119,62)-(149,65)
pt: +1 cmd=30 ---G abr=0 col=3ed379 (84,59)-(120,63)
pt: +1 cmd=30 ---G abr=0 col=3ed379 (84,57)-(120,62)
pt: +1 cmd=30 ---G abr=0 col=3ed379 (58,55)-(89,59)
pt: +1 cmd=30 ---G abr=0 col=379f54 (47,55)-(84,59)
pt: +1 cmd=30 ---G abr=0 col=379f54 (22,55)-(58,56)
pt: +1 cmd=30 ---G abr=0 col=3bab4f (17,55)-(47,57)
pt: +1 cmd=30 ---G abr=0 col=3bab4f (7,54)-(22,57)
pt: +1 cmd=30 ---G abr=0 col=3ed379 (-2,54)-(17,59)
pt: +1 cmd=20 ---- abr=0 col=30963f (58,66)-(92,71)
pt: +1 cmd=20 ---- abr=0 col=30963f (33,66)-(67,71)
pt: +1 cmd=30 ---G abr=0 col=30963f (149,65)-(174,71)
pt: +1 cmd=30 ---G abr=0 col=30963f (119,63)-(149,68)
pt: +1 cmd=30 ---G abr=0 col=30963f (84,59)-(119,64)
pt: +1 cmd=30 ---G abr=0 col=379f54 (45,56)-(84,61)
pt: +1 cmd=30 ---G abr=0 col=379f54 (17,56)-(47,61)
pt: +1 cmd=20 ---- abr=0 col=30963f (92,68)-(160,71)
pt: +1 cmd=30 ---G abr=0 col=30963f (126,65)-(160,71)
pt: +1 cmd=20 ---- abr=0 col=30963f (92,64)-(126,71)
pt: +1 cmd=20 ---- abr=0 col=30963f (92,63)-(126,68)
pt: +1 cmd=20 ---- abr=0 col=30963f (58,64)-(92,71)
pt: +1 cmd=30 ---G abr=0 col=30963f (45,61)-(92,66)
pt: +1 cmd=30 ---G abr=0 col=30963f (45,59)-(92,64)
pt: +1 cmd=30 ---G abr=0 col=30963f (-2,59)-(58,66)
pt: +1 cmd=30 ---G abr=0 col=379f54 (-2,57)-(45,61)
pt: +1 cmd=30 ---G abr=0 col=30963f (0,66)-(58,71)
pt: +1 cmd=30 ---G abr=0 col=3bab4f (-2,59)-(58,68)
pt: +1 cmd=20 ---- abr=0 col=ffe5d5 (22,50)-(58,55)
pt: +1 cmd=20 ---- abr=0 col=ffe5d5 (16,50)-(54,55)
pt: +1 cmd=20 ---- abr=0 col=ffe5d5 (7,51)-(22,55)
pt: +1 cmd=20 ---- abr=0 col=ffe5d5 (54,50)-(92,55)
pt: +1 cmd=20 ---- abr=0 col=ffe5d5 (58,50)-(92,57)
pt: +1 cmd=20 ---- abr=0 col=ffe5d5 (89,50)-(120,57)
pt: +1 cmd=20 ---- abr=0 col=ffe5d5 (89,51)-(120,62)
pt: +1 cmd=20 ---- abr=0 col=ffe5d5 (120,50)-(146,62)
pt: +1 cmd=20 ---- abr=0 col=ffe5d5 (120,50)-(146,62)
pt: +1 cmd=20 ---- abr=0 col=ffe5d5 (143,50)-(164,63)
pt: +1 cmd=20 ---- abr=0 col=ffe5d5 (146,49)-(176,63)
pt: +1 cmd=20 ---- abr=0 col=ffe5d5 (164,49)-(187,64)
pt: +1 cmd=30 ---G abr=0 col=3bab4f (-24,71)-(33,81)
pt: +1 cmd=30 ---G abr=0 col=30963f (33,71)-(68,79)
pt: +1 cmd=30 ---G abr=0 col=30963f (67,71)-(92,79)
pt: +1 cmd=30 ---G abr=0 col=30963f (92,71)-(160,79)
pt: +1 cmd=30 ---G abr=0 col=44ba52 (93,71)-(161,82)
pt: +1 cmd=30 ---G abr=0 col=44ba52 (68,71)-(93,79)
pt: +1 cmd=30 ---G abr=0 col=44ba52 (-21,71)-(68,81)
pt: +1 cmd=30 ---G abr=0 col=30963f (160,71)-(193,82)
pt: +1 cmd=30 ---G abr=0 col=3ed379 (193,70)-(254,87)
pt: +1 cmd=30 ---G abr=0 col=ffef96 (215,70)-(321,87)
pt: +1 cmd=30 ---G abr=0 col=ffef96 (320,82)-(438,88)
pt: +1 cmd=30 ---G abr=0 col=44ba52 (320,84)-(438,91)
pt: +1 cmd=30 ---G abr=0 col=44ba52 (254,82)-(321,88)
pt: +1 cmd=30 ---G abr=0 col=44ba52 (161,71)-(254,87)
pt: +1 cmd=38 --QG abr=0 col=ffb01b (405,95)-(492,100)
pt: +1 cmd=38 --QG abr=0 col=ffb955 (353,95)-(431,100)
pt: +1 cmd=30 ---G abr=0 col=326d35 (432,56)-(453,65)
pt: +1 cmd=38 --QG abr=0 col=326a32 (435,54)-(508,65)
pt: +1 cmd=38 --QG abr=0 col=2c5d2e (388,56)-(435,65)
pt: +1 cmd=38 --QG abr=0 col=3b853e (390,61)-(444,75)
pt: +1 cmd=38 --QG abr=0 col=295529 (353,54)-(390,61)
pt: +1 cmd=38 --QG abr=0 col=295529 (353,54)-(390,61)
pt: +1 cmd=38 --QG abr=0 col=326d35 (435,63)-(508,76)
pt: +1 cmd=38 --QG abr=0 col=8eafca (401,75)-(444,85)
pt: +1 cmd=38 --QG abr=0 col=326d35 (476,52)-(581,63)
pt: +1 cmd=38 --QG abr=0 col=6e7b97 (442,75)-(501,86)
pt: +1 cmd=38 --QG abr=0 col=33823f (442,85)-(535,90)
pt: +1 cmd=38 --QG abr=0 col=316831 (501,62)-(565,77)
pt: +1 cmd=38 --QG abr=0 col=3e9c4c (498,86)-(620,95)
pt: +1 cmd=38 --QG abr=0 col=697694 (498,76)-(561,87)
pt: +1 cmd=38 --QG abr=0 col=3b974a (468,89)-(564,93)
pt: +1 cmd=38 --QG abr=0 col=456c84 (135,71)-(193,88)
pt: +1 cmd=30 ---G abr=0 col=4d7591 (121,71)-(139,88)
pt: +1 cmd=38 --QG abr=0 col=316831 (253,40)-(275,42)
pt: +1 cmd=38 --QG abr=0 col=303746 (112,68)-(135,71)
pt: +1 cmd=38 --QG abr=0 col=2b323b (126,88)-(193,90)
pt: +1 cmd=38 --QG abr=0 col=303746 (130,68)-(189,71)
pt: +1 cmd=38 --QG abr=0 col=336f36 (332,48)-(396,53)
pt: +1 cmd=38 --QG abr=0 col=355063 (189,71)-(218,90)
pt: +1 cmd=38 --QG abr=0 col=4d788b (165,88)-(218,91)
pt: +1 cmd=38 --QG abr=0 col=303746 (168,68)-(212,72)
pt: +1 cmd=38 --QG abr=0 col=387938 (275,42)-(342,59)
pt: +1 cmd=38 --QG abr=0 col=326a35 (253,40)-(276,54)
pt: +1 cmd=38 --QG abr=0 col=3d9a4b (506,92)-(640,95)
pt: +1 cmd=38 --QG abr=0 col=306630 (78,44)-(166,49)
pt: +1 cmd=38 --QG abr=0 col=25532e (252,92)-(308,95)
pt: +1 cmd=38 --QG abr=0 col=336f36 (327,49)-(396,59)
pt: +1 cmd=38 --QG abr=0 col=397b39 (276,54)-(327,64)
pt: +1 cmd=30 ---G abr=0 col=326d35 (325,59)-(336,64)
pt: +1 cmd=38 --QG abr=0 col=51576e (306,80)-(313,94)
pt: +1 cmd=38 --QG abr=0 col=25532e (252,94)-(334,97)
pt: +1 cmd=38 --QG abr=0 col=5c96ac (175,90)-(218,93)
pt: +1 cmd=38 --QG abr=0 col=397b39 (273,54)-(312,80)
pt: +1 cmd=38 --QG abr=0 col=7488a5 (273,79)-(311,93)
pt: +1 cmd=38 --QG abr=0 col=626e85 (311,64)-(314,80)
pt: +1 cmd=38 --QG abr=0 col=316831 (162,42)-(211,51)
pt: +1 cmd=38 --QG abr=0 col=336f36 (78,44)-(162,57)
pt: +1 cmd=38 --QG abr=0 col=3f3d51 (175,72)-(185,93)
pt: +1 cmd=38 --QG abr=0 col=357035 (200,40)-(253,51)
pt: +1 cmd=30 ---G abr=0 col=6b4e49 (312,60)-(324,64)
pt: +1 cmd=38 --QG abr=0 col=35303f (180,69)-(198,72)
pt: +1 cmd=38 --QG abr=0 col=7c8fac (328,64)-(336,81)
pt: +1 cmd=38 --QG abr=0 col=51576e (308,80)-(329,95)
pt: +1 cmd=30 ---G abr=0 col=896b60 (324,60)-(336,64)
pt: +1 cmd=38 --QG abr=0 col=758f9a (313,64)-(330,81)
pt: +1 cmd=30 ---G abr=0 col=2c723a (506,92)-(588,96)
pt: +1 cmd=30 ---G abr=0 col=755b51 (314,60)-(330,64)
pt: +1 cmd=30 ---G abr=0 col=7c8fac (328,81)-(338,95)
pt: +1 cmd=30 ---G abr=0 col=347437 (231,40)-(257,50)
pt: +1 cmd=38 --QG abr=0 col=326d35 (327,58)-(406,66)
pt: +1 cmd=30 ---G abr=0 col=336f36 (152,49)-(200,51)
pt: +1 cmd=38 --QG abr=0 col=90b1dd (328,80)-(390,83)
pt: +1 cmd=38 --QG abr=0 col=5c96ac (182,93)-(209,94)
pt: +1 cmd=38 --QG abr=0 col=7488a5 (31,79)-(93,95)
pt: +1 cmd=38 --QG abr=0 col=316831 (396,49)-(445,61)
pt: +1 cmd=38 --QG abr=0 col=326d35 (334,64)-(406,82)
pt: +1 cmd=38 --QG abr=0 col=347437 (-19,34)-(87,57)
pt: +1 cmd=38 --QG abr=0 col=949fcb (182,74)-(186,94)
pt: +1 cmd=38 --QG abr=0 col=a2b6eb (209,72)-(218,94)
pt: +1 cmd=38 --QG abr=0 col=547e6f (4,51)-(90,80)
pt: +1 cmd=38 --QG abr=0 col=423c58 (197,71)-(206,74)
pt: +1 cmd=38 --QG abr=0 col=423c58 (184,71)-(192,74)
pt: +1 cmd=38 --QG abr=0 col=a2b6eb (204,73)-(217,94)
pt: +1 cmd=38 --QG abr=0 col=423f5b (191,71)-(198,72)
pt: +1 cmd=38 --QG abr=0 col=7b81b0 (173,73)-(184,94)
pt: +1 cmd=38 --QG abr=0 col=99a5d2 (197,69)-(210,73)
pt: +1 cmd=38 --QG abr=0 col=b3cdfb (196,67)-(198,72)
pt: +1 cmd=38 --QG abr=0 col=777aa3 (178,69)-(191,73)
pt: +1 cmd=38 --QG abr=0 col=558371 (250,54)-(276,79)
pt: +1 cmd=38 --QG abr=0 col=7488a5 (251,79)-(273,93)
pt: +1 cmd=38 --QG abr=0 col=9aa7dd (197,69)-(209,74)
pt: +1 cmd=38 --QG abr=0 col=858bbc (178,69)-(191,74)
pt: +1 cmd=38 --QG abr=0 col=7488a5 (90,79)-(144,93)
pt: +1 cmd=38 --QG abr=0 col=326a35 (250,50)-(276,65)
pt: +1 cmd=38 --QG abr=0 col=358742 (252,95)-(353,100)
pt: +1 cmd=30 ---G abr=0 col=90b1dd (334,80)-(403,82)
pt: +1 cmd=38 --QG abr=0 col=6a7c9e (189,67)-(197,72)
pt: +1 cmd=38 --QG abr=0 col=326a35 (231,50)-(257,51)
pt: +1 cmd=38 --QG abr=0 col=327035 (152,50)-(200,54)
pt: +1 cmd=38 --QG abr=0 col=357035 (196,50)-(236,54)
pt: +1 cmd=30 ---G abr=0 col=535576 (90,65)-(144,79)
pt: +1 cmd=38 --QG abr=0 col=91a2c0 (327,83)-(338,99)
pt: +1 cmd=38 --QG abr=0 col=384c47 (87,51)-(143,79)
pt: +1 cmd=30 ---G abr=0 col=327035 (141,50)-(155,51)
pt: +1 cmd=30 ---G abr=0 col=316831 (423,51)-(454,61)
pt: +1 cmd=30 ---G abr=0 col=25532e (252,92)-(273,95)
pt: +1 cmd=38 --QG abr=0 col=348441 (191,95)-(274,100)
pt: +1 cmd=30 ---G abr=0 col=2d622f (396,58)-(445,66)
pt: +1 cmd=38 --QG abr=0 col=7f95b7 (159,65)-(179,94)
pt: +1 cmd=38 --QG abr=0 col=8086b9 (210,65)-(229,94)
pt: +1 cmd=38 --QG abr=0 col=2a6b35 (217,94)-(252,95)
pt: +1 cmd=38 --QG abr=0 col=869fcc (338,82)-(396,85)
pt: +1 cmd=30 ---G abr=0 col=707ca6 (336,83)-(370,85)
pt: +1 cmd=38 --QG abr=0 col=8086b9 (155,51)-(196,55)
pt: +1 cmd=38 --QG abr=0 col=8086b9 (196,51)-(236,55)
pt: +1 cmd=30 ---G abr=0 col=819abd (179,55)-(191,72)
pt: +1 cmd=30 ---G abr=0 col=7d92b4 (198,55)-(210,72)
pt: +1 cmd=38 --QG abr=0 col=97b7d7 (149,65)-(167,95)
pt: +1 cmd=38 --QG abr=0 col=8fa6bd (131,65)-(135,95)
pt: +1 cmd=38 --QG abr=0 col=7584a0 (225,65)-(235,95)
pt: +1 cmd=38 --QG abr=0 col=90a8c9 (249,65)-(261,95)
pt: +1 cmd=38 --QG abr=0 col=819abd (183,55)-(204,69)
pt: +1 cmd=30 ---G abr=0 col=8086b9 (183,54)-(204,55)
pt: +1 cmd=30 ---G abr=0 col=2d6630 (406,61)-(445,83)
pt: +1 cmd=38 --QG abr=0 col=9bbfe4 (159,51)-(183,72)
pt: +1 cmd=38 --QG abr=0 col=7d92b4 (204,51)-(229,72)
pt: +1 cmd=38 --QG abr=0 col=2d6630 (445,52)-(507,61)
pt: +1 cmd=38 --QG abr=0 col=368946 (191,94)-(252,97)
pt: +1 cmd=38 --QG abr=0 col=9db6d0 (327,85)-(377,99)
pt: +1 cmd=38 --QG abr=0 col=103c17 (-119,94)-(35,97)
pt: +1 cmd=30 ---G abr=0 col=348441 (182,94)-(208,97)
pt: +1 cmd=38 --QG abr=0 col=9db6d0 (370,83)-(396,99)
pt: +1 cmd=38 --QG abr=0 col=646b8b (390,66)-(398,83)
pt: +1 cmd=38 --QG abr=0 col=7282a0 (135,65)-(154,95)
pt: +1 cmd=38 --QG abr=0 col=7282a0 (233,65)-(252,95)
pt: +1 cmd=38 --QG abr=0 col=5b7079 (415,83)-(423,100)
pt: +1 cmd=38 --QG abr=0 col=9fc0e1 (148,50)-(159,65)
pt: +1 cmd=38 --QG abr=0 col=4d5068 (129,50)-(135,65)
pt: +1 cmd=38 --QG abr=0 col=6b7594 (227,50)-(235,65)
pt: +1 cmd=38 --QG abr=0 col=95b1d0 (249,50)-(257,65)
pt: +1 cmd=38 --QG abr=0 col=3d803d (503,58)-(537,82)
pt: +1 cmd=30 ---G abr=0 col=6b4e49 (392,62)-(408,66)
pt: +1 cmd=38 --QG abr=0 col=3d8d40 (-127,25)-(4,51)
pt: +1 cmd=30 ---G abr=0 col=2d773b (138,94)-(191,98)
pt: +1 cmd=30 ---G abr=0 col=ad756d (141,23)-(159,51)
pt: +1 cmd=30 ---G abr=0 col=583237 (129,23)-(141,51)
pt: +1 cmd=30 ---G abr=0 col=8a5553 (227,23)-(242,51)
pt: +1 cmd=30 ---G abr=0 col=ad756d (242,23)-(257,51)
pt: +1 cmd=38 --QG abr=0 col=347437 (-104,50)-(31,80)
pt: +1 cmd=38 --QG abr=0 col=348441 (138,94)-(191,97)
pt: +1 cmd=38 --QG abr=0 col=7989a7 (132,50)-(149,65)
pt: +1 cmd=38 --QG abr=0 col=7989a7 (234,50)-(250,65)
pt: +1 cmd=38 --QG abr=0 col=6e7e98 (419,83)-(491,100)
pt: +1 cmd=30 ---G abr=0 col=ad756d (132,23)-(148,50)
pt: +1 cmd=30 ---G abr=0 col=9d6460 (234,23)-(250,50)
pt: +1 cmd=38 --QG abr=0 col=94b2d0 (-125,78)-(35,97)
pt: +1 cmd=30 ---G abr=0 col=348441 (147,97)-(218,98)
pt: +1 cmd=38 --QG abr=0 col=347437 (-139,59)-(31,80)
pt: +1 cmd=34 -T-G abr=0 col=25532e (314,95)-(333,97)
pt: +1 cmd=3c -TQG abr=0 col=87a4ba (331,81)-(339,95)
pt: +1 cmd=34 -T-G abr=0 col=26572f (253,93)-(272,94)
pt: +1 cmd=3c -TQG abr=0 col=337f3f (272,92)-(289,95)
pt: +1 cmd=3c -TQG abr=0 col=90b1dd (331,80)-(354,83)
pt: +1 cmd=34 -T-G abr=0 col=9d8471 (318,60)-(333,64)
pt: +1 cmd=3c -TQG abr=0 col=4b7e5d (76,54)-(110,67)
pt: +1 cmd=3c -TQG abr=0 col=3f3b4f (177,72)-(184,80)
pt: +1 cmd=3c -TQG abr=0 col=327035 (152,51)-(186,54)
pt: +1 cmd=3c -TQG abr=0 col=357035 (185,51)-(210,54)
pt: +1 cmd=3c -TQG abr=0 col=2f653b (63,93)-(98,93)
pt: +1 cmd=3c -TQG abr=0 col=5e7184 (110,67)-(133,80)
pt: +1 cmd=3c -TQG abr=0 col=64828c (87,66)-(114,80)
pt: +1 cmd=3c -TQG abr=0 col=357035 (231,50)-(257,51)
pt: +1 cmd=3c -TQG abr=0 col=578474 (250,66)-(272,79)
pt: +1 cmd=3c -TQG abr=0 col=37384a (199,69)-(213,73)
pt: +1 cmd=3c -TQG abr=0 col=37384a (180,69)-(199,73)
pt: +1 cmd=3c -TQG abr=0 col=357035 (206,50)-(235,54)
pt: +1 cmd=3c -TQG abr=0 col=306f3e (289,95)-(317,98)
pt: +1 cmd=3c -TQG abr=0 col=96b4d2 (317,64)-(333,81)
pt: +1 cmd=3c -TQG abr=0 col=3c7b3f (41,39)-(76,55)
pt: +1 cmd=3c -TQG abr=0 col=478755 (54,55)-(87,67)
pt: +1 cmd=3c -TQG abr=0 col=6c8e98 (68,66)-(96,80)
pt: +1 cmd=3c -TQG abr=0 col=86a3bf (56,80)-(79,94)
pt: +1 cmd=3c -TQG abr=0 col=5a6181 (129,66)-(144,79)
pt: +1 cmd=3c -TQG abr=0 col=366b3c (250,51)-(268,68)
pt: +1 cmd=34 -T-G abr=0 col=352f3e (192,69)-(199,69)
pt: +1 cmd=3c -TQG abr=0 col=488f62 (182,93)-(209,94)
pt: +1 cmd=3c -TQG abr=0 col=3d6a4e (128,51)-(143,68)
pt: +1 cmd=3c -TQG abr=0 col=378045 (253,93)-(273,95)
pt: +1 cmd=34 -T-G abr=0 col=3a504a (140,51)-(156,51)
pt: +1 cmd=3c -TQG abr=0 col=6a9693 (47,66)-(76,80)
pt: +1 cmd=34 -T-G abr=0 col=7b8cb4 (340,80)-(354,83)
pt: +1 cmd=3c -TQG abr=0 col=2f6633 (372,52)-(408,58)
pt: +1 cmd=3c -TQG abr=0 col=2d6b39 (217,94)-(232,95)
pt: +1 cmd=3c -TQG abr=0 col=4a9053 (32,52)-(68,67)
pt: +1 cmd=34 -T-G abr=0 col=87a4ba (331,81)-(340,86)
pt: +1 cmd=3c -TQG abr=0 col=6b6e92 (180,80)-(184,94)
pt: +1 cmd=3c -TQG abr=0 col=737ba4 (163,80)-(176,94)
pt: +1 cmd=3c -TQG abr=0 col=8087b6 (215,80)-(227,94)
pt: +1 cmd=3c -TQG abr=0 col=407f49 (19,36)-(54,55)
pt: +1 cmd=3c -TQG abr=0 col=3d6f46 (422,51)-(469,52)
pt: +1 cmd=3c -TQG abr=0 col=95aad6 (214,80)-(218,94)
pt: +1 cmd=3c -TQG abr=0 col=31703e (154,94)-(174,95)
pt: +1 cmd=3c -TQG abr=0 col=98b6d5 (31,80)-(59,95)
pt: +1 cmd=3c -TQG abr=0 col=939fca (180,74)-(186,80)
pt: +1 cmd=3c -TQG abr=0 col=7b85b0 (161,66)-(179,80)
pt: +1 cmd=3c -TQG abr=0 col=8087b8 (210,66)-(228,80)
pt: +1 cmd=3c -TQG abr=0 col=36663c (354,65)-(385,81)
pt: +1 cmd=3c -TQG abr=0 col=346839 (363,58)-(394,67)
pt: +1 cmd=3c -TQG abr=0 col=3b874b (267,95)-(291,98)
pt: +1 cmd=3c -TQG abr=0 col=7278a3 (208,80)-(217,94)
pt: +1 cmd=3c -TQG abr=0 col=6f7095 (184,71)-(192,74)
pt: +1 cmd=3c -TQG abr=0 col=8d9bcb (173,80)-(182,94)
pt: +1 cmd=26 ST-- abr=2 col=292929 (182,110)-(188,112)
pt: +1 cmd=26 ST-- abr=2 col=292929 (187,110)-(192,112)
pt: +1 cmd=26 ST-- abr=2 col=292929 (186,112)-(192,113)
pt: +1 cmd=26 ST-- abr=2 col=292929 (182,112)-(187,113)
pt: +1 cmd=26 ST-- abr=2 col=505050 (215,115)-(221,117)
pt: +1 cmd=26 ST-- abr=2 col=505050 (221,115)-(226,117)
pt: +1 cmd=26 ST-- abr=2 col=505050 (220,117)-(226,119)
pt: +1 cmd=26 ST-- abr=2 col=505050 (215,117)-(221,119)
pt: +1 cmd=32 S--G abr=2 col=608080 (246,145)-(256,151)
pt: +1 cmd=32 S--G abr=2 col=608080 (256,145)-(265,151)
pt: +1 cmd=32 S--G abr=2 col=608080 (242,146)-(256,151)
pt: +1 cmd=32 S--G abr=2 col=608080 (238,147)-(256,151)
pt: +1 cmd=32 S--G abr=2 col=608080 (236,148)-(256,151)
pt: +1 cmd=32 S--G abr=2 col=608080 (256,148)-(276,151)
pt: +1 cmd=32 S--G abr=2 col=608080 (256,147)-(274,151)
pt: +1 cmd=32 S--G abr=2 col=608080 (256,146)-(270,151)
pt: +1 cmd=32 S--G abr=2 col=608080 (229,149)-(256,151)
pt: +1 cmd=32 S--G abr=2 col=608080 (228,150)-(256,153)
pt: +1 cmd=32 S--G abr=2 col=608080 (256,151)-(285,154)
pt: +1 cmd=32 S--G abr=2 col=608080 (256,149)-(283,151)
pt: +1 cmd=32 S--G abr=2 col=608080 (228,151)-(256,156)
pt: +1 cmd=32 S--G abr=2 col=608080 (256,151)-(285,157)
pt: +1 cmd=32 S--G abr=1 col=60c0c0 (324,92)-(341,108)
pt: +1 cmd=32 S--G abr=1 col=60c0c0 (324,96)-(349,108)
pt: +1 cmd=32 S--G abr=1 col=60c0c0 (324,108)-(349,119)
pt: +1 cmd=32 S--G abr=1 col=60c0c0 (324,108)-(341,123)
pt: +1 cmd=32 S--G abr=1 col=60c0c0 (306,108)-(324,123)
pt: +1 cmd=32 S--G abr=1 col=60c0c0 (298,108)-(324,119)
pt: +1 cmd=32 S--G abr=1 col=60c0c0 (298,96)-(324,108)
pt: +1 cmd=32 S--G abr=1 col=60c0c0 (306,92)-(324,108)
pt: +1 cmd=32 S--G abr=2 col=608080 (230,151)-(256,160)
pt: +1 cmd=32 S--G abr=2 col=608080 (256,151)-(281,160)
pt: +1 cmd=f5 ---- abr=0 col=000000 (0,0)-(0,0)
pt: +2 cmd=f8 ---- abr=0 col=000002 (0,0)-(0,0)
pt: +2 cmd=e3 ---- abr=0 col=03e000 (0,248)-(0,0)
pt: +2 cmd=e4 ---- abr=0 col=075dff (511,471)-(0,0)
pt: +2 cmd=e5 ---- abr=0 col=000000 (0,240)-(0,0)
pt: +2 cmd=02 ---- abr=0 col=44ba52 (0,248)-(512,472)
pt: +2 cmd=01 ---- abr=0 col=000000 (0,8)-(512,232)
pt: +2 cmd=26 ST-- abr=2 col=292929 (182,110)-(188,112)
pt: +2 cmd=26 ST-- abr=2 col=292929 (187,110)-(192,112)
pt: +2 cmd=26 ST-- abr=2 col=292929 (186,112)-(192,113)
pt: +2 cmd=26 ST-- abr=2 col=292929 (182,112)-(187,113)
pt: +2 cmd=26 ST-- abr=2 col=505050 (215,115)-(221,117)
pt: +2 cmd=26 ST-- abr=2 col=505050 (221,115)-(226,117)
pt: +2 cmd=26 ST-- abr=2 col=505050 (220,117)-(226,119)
pt: +2 cmd=26 ST-- abr=2 col=505050 (215,117)-(221,119)
pt: +2 cmd=32 S--G abr=2 col=608080 (246,145)-(256,151)
pt: +2 cmd=32 S--G abr=2 col=608080 (256,145)-(265,151)
pt: +2 cmd=32 S--G abr=2 col=608080 (242,146)-(256,151)
pt: +2 cmd=32 S--G abr=2 col=608080 (238,147)-(256,151)
pt: +2 cmd=32 S--G abr=2 col=608080 (236,148)-(256,151)
pt: +2 cmd=32 S--G abr=2 col=608080 (256,148)-(276,151)
pt: +2 cmd=32 S--G abr=2 col=608080 (256,147)-(274,151)
pt: +2 cmd=32 S--G abr=2 col=608080 (256,146)-(270,151)
pt: +2 cmd=32 S--G abr=2 col=608080 (229,149)-(256,151)
pt: +2 cmd=32 S--G abr=2 col=608080 (228,150)-(256,153)
pt: +2 cmd=32 S--G abr=2 col=608080 (256,151)-(285,154)
pt: +2 cmd=32 S--G abr=2 col=608080 (256,149)-(284,151)
pt: +2 cmd=32 S--G abr=2 col=608080 (228,151)-(256,156)
pt: +2 cmd=32 S--G abr=2 col=608080 (256,151)-(285,157)
pt: +2 cmd=32 S--G abr=1 col=60c0c0 (324,92)-(341,108)
pt: +2 cmd=32 S--G abr=1 col=60c0c0 (324,96)-(349,108)
pt: +2 cmd=32 S--G abr=1 col=60c0c0 (324,108)-(349,119)
pt: +2 cmd=32 S--G abr=1 col=60c0c0 (324,108)-(341,123)
pt: +2 cmd=32 S--G abr=1 col=60c0c0 (306,108)-(324,123)
pt: +2 cmd=32 S--G abr=1 col=60c0c0 (298,108)-(324,119)
pt: +2 cmd=32 S--G abr=1 col=60c0c0 (298,96)-(324,108)
pt: +2 cmd=32 S--G abr=1 col=60c0c0 (306,92)-(324,108)
pt: +2 cmd=32 S--G abr=2 col=608080 (230,151)-(256,160)
pt: +2 cmd=32 S--G abr=2 col=608080 (256,151)-(282,160)
pt: +2 cmd=f5 ---- abr=0 col=03c000 (0,240)-(0,0)
pt: +3 cmd=f8 ---- abr=0 col=000002 (0,0)-(0,0)
pt: +3 cmd=e3 ---- abr=0 col=002000 (0,8)-(0,0)
pt: +3 cmd=e4 ---- abr=0 col=039dff (511,231)-(0,0)
pt: +3 cmd=e5 ---- abr=0 col=000000 (0,0)-(0,0)
pt: +3 cmd=02 ---- abr=0 col=44ba52 (0,8)-(512,232)
pt: +3 cmd=01 ---- abr=0 col=000000 (0,8)-(512,232)
pt: +3 cmd=26 ST-- abr=2 col=292929 (182,110)-(188,112)
pt: +3 cmd=26 ST-- abr=2 col=292929 (187,110)-(192,112)
pt: +3 cmd=26 ST-- abr=2 col=292929 (186,112)-(192,113)
pt: +3 cmd=26 ST-- abr=2 col=292929 (182,112)-(187,113)
pt: +3 cmd=26 ST-- abr=2 col=505050 (215,115)-(221,117)
pt: +3 cmd=26 ST-- abr=2 col=505050 (221,115)-(226,117)
pt: +3 cmd=26 ST-- abr=2 col=505050 (220,117)-(226,119)
pt: +3 cmd=26 ST-- abr=2 col=505050 (215,117)-(221,119)
pt: +3 cmd=32 S--G abr=2 col=608080 (246,145)-(256,151)
pt: +3 cmd=32 S--G abr=2 col=608080 (256,145)-(265,151)
pt: +3 cmd=32 S--G abr=2 col=608080 (242,146)-(256,151)
pt: +3 cmd=32 S--G abr=2 col=608080 (238,147)-(256,151)
pt: +3 cmd=32 S--G abr=2 col=608080 (236,148)-(256,151)
pt: +3 cmd=32 S--G abr=2 col=608080 (256,148)-(276,151)
pt: +3 cmd=32 S--G abr=2 col=608080 (256,147)-(274,151)
pt: +3 cmd=32 S--G abr=2 col=608080 (256,146)-(270,151)
pt: +3 cmd=32 S--G abr=2 col=608080 (229,149)-(256,151)
pt: +3 cmd=32 S--G abr=2 col=608080 (228,150)-(256,153)
pt: +3 cmd=32 S--G abr=2 col=608080 (256,151)-(286,154)
pt: +3 cmd=32 S--G abr=2 col=608080 (256,149)-(284,151)
pt: +3 cmd=32 S--G abr=2 col=608080 (228,151)-(256,157)
pt: +3 cmd=32 S--G abr=2 col=608080 (256,151)-(286,157)
pt: +3 cmd=32 S--G abr=1 col=60c0c0 (324,92)-(341,108)
pt: +3 cmd=32 S--G abr=1 col=60c0c0 (324,96)-(349,108)
pt: +3 cmd=32 S--G abr=1 col=60c0c0 (324,108)-(349,119)
pt: +3 cmd=32 S--G abr=1 col=60c0c0 (324,108)-(341,123)
pt: +3 cmd=32 S--G abr=1 col=60c0c0 (306,108)-(324,123)
pt: +3 cmd=32 S--G abr=1 col=60c0c0 (298,108)-(324,119)
pt: +3 cmd=32 S--G abr=1 col=60c0c0 (298,96)-(324,108)
pt: +3 cmd=32 S--G abr=1 col=60c0c0 (306,92)-(324,108)
pt: +3 cmd=32 S--G abr=2 col=608080 (230,151)-(256,160)
pt: +3 cmd=32 S--G abr=2 col=608080 (256,151)-(282,160)
pt: +3 cmd=f5 ---- abr=0 col=000000 (0,0)-(0,0)
pt: +4 cmd=f8 ---- abr=0 col=000002 (0,0)-(0,0)
pt: +4 cmd=e3 ---- abr=0 col=03e000 (0,248)-(0,0)
pt: +4 cmd=e4 ---- abr=0 col=075dff (511,471)-(0,0)
pt: +4 cmd=e5 ---- abr=0 col=000000 (0,240)-(0,0)
pt: +4 cmd=02 ---- abr=0 col=44ba52 (0,248)-(512,472)
pt: +4 cmd=01 ---- abr=0 col=000000 (0,8)-(512,232)
pt: +4 cmd=26 ST-- abr=2 col=292929 (182,110)-(188,112)
pt: +4 cmd=26 ST-- abr=2 col=292929 (187,110)-(192,112)
pt: +4 cmd=26 ST-- abr=2 col=292929 (186,112)-(192,113)
pt: +4 cmd=26 ST-- abr=2 col=292929 (182,112)-(187,113)
pt: +4 cmd=26 ST-- abr=2 col=505050 (215,115)-(221,117)
pt: +4 cmd=26 ST-- abr=2 col=505050 (221,115)-(226,117)
pt: +4 cmd=26 ST-- abr=2 col=505050 (220,117)-(226,119)
pt: +4 cmd=26 ST-- abr=2 col=505050 (215,117)-(221,119)
pt: +4 cmd=32 S--G abr=2 col=608080 (246,145)-(256,151)
pt: +4 cmd=32 S--G abr=2 col=608080 (256,145)-(265,151)
pt: +4 cmd=32 S--G abr=2 col=608080 (242,146)-(256,151)
pt: +4 cmd=32 S--G abr=2 col=608080 (238,147)-(256,151)
pt: +4 cmd=32 S--G abr=2 col=608080 (236,148)-(256,151)
pt: +4 cmd=32 S--G abr=2 col=608080 (256,148)-(276,151)
pt: +4 cmd=32 S--G abr=2 col=608080 (256,147)-(274,151)
pt: +4 cmd=32 S--G abr=2 col=608080 (256,146)-(270,151)
pt: +4 cmd=32 S--G abr=2 col=608080 (229,149)-(256,151)
pt: +4 cmd=32 S--G abr=2 col=608080 (228,150)-(256,153)
pt: +4 cmd=32 S--G abr=2 col=608080 (256,151)-(286,154)
pt: +4 cmd=32 S--G abr=2 col=608080 (256,149)-(284,151)
pt: +4 cmd=32 S--G abr=2 col=608080 (228,151)-(256,157)
pt: +4 cmd=32 S--G abr=2 col=608080 (256,151)-(286,157)
pt: +4 cmd=32 S--G abr=1 col=60c0c0 (324,92)-(341,108)
pt: +4 cmd=32 S--G abr=1 col=60c0c0 (324,96)-(349,108)
pt: +4 cmd=32 S--G abr=1 col=60c0c0 (324,108)-(349,119)
pt: +4 cmd=32 S--G abr=1 col=60c0c0 (324,108)-(341,123)
pt: +4 cmd=32 S--G abr=1 col=60c0c0 (306,108)-(324,123)
pt: +4 cmd=32 S--G abr=1 col=60c0c0 (298,108)-(324,119)
pt: +4 cmd=32 S--G abr=1 col=60c0c0 (298,96)-(324,108)
pt: +4 cmd=32 S--G abr=1 col=60c0c0 (306,92)-(324,108)
pt: +4 cmd=32 S--G abr=2 col=608080 (230,151)-(256,160)
pt: +4 cmd=32 S--G abr=2 col=608080 (256,151)-(282,160)
pt: +4 cmd=f5 ---- abr=0 col=03c000 (0,240)-(0,0)
pt: +5 cmd=f8 ---- abr=0 col=000002 (0,0)-(0,0)
pt: +5 cmd=e3 ---- abr=0 col=002000 (0,8)-(0,0)
pt: +5 cmd=e4 ---- abr=0 col=039dff (511,231)-(0,0)
pt: +5 cmd=e5 ---- abr=0 col=000000 (0,0)-(0,0)
pt: +5 cmd=02 ---- abr=0 col=44ba52 (0,8)-(512,232)
pt: +5 cmd=01 ---- abr=0 col=000000 (0,8)-(512,232)
pt: +5 cmd=26 ST-- abr=2 col=292929 (182,110)-(188,112)
pt: +5 cmd=26 ST-- abr=2 col=292929 (187,110)-(192,112)
pt: +5 cmd=26 ST-- abr=2 col=292929 (186,112)-(192,113)
pt: +5 cmd=26 ST-- abr=2 col=292929 (182,112)-(187,113)
pt: +5 cmd=26 ST-- abr=2 col=505050 (215,115)-(221,117)
pt: +5 cmd=26 ST-- abr=2 col=505050 (221,115)-(226,117)
pt: +5 cmd=26 ST-- abr=2 col=505050 (220,117)-(226,119)
pt: +5 cmd=26 ST-- abr=2 col=505050 (215,117)-(221,119)
pt: +5 cmd=32 S--G abr=2 col=608080 (246,145)-(256,151)
pt: +5 cmd=32 S--G abr=2 col=608080 (256,145)-(265,151)
pt: +5 cmd=32 S--G abr=2 col=608080 (242,146)-(256,151)
pt: +5 cmd=32 S--G abr=2 col=608080 (238,147)-(256,151)
pt: +5 cmd=32 S--G abr=2 col=608080 (236,148)-(256,151)
pt: +5 cmd=32 S--G abr=2 col=608080 (256,148)-(276,151)
pt: +5 cmd=32 S--G abr=2 col=608080 (256,147)-(274,151)
pt: +5 cmd=32 S--G abr=2 col=608080 (256,146)-(270,151)
pt: +5 cmd=32 S--G abr=2 col=608080 (229,149)-(256,151)
pt: +5 cmd=32 S--G abr=2 col=608080 (228,150)-(256,153)
pt: +5 cmd=32 S--G abr=2 col=608080 (256,151)-(286,154)
pt: +5 cmd=32 S--G abr=2 col=608080 (256,149)-(284,151)
pt: +5 cmd=32 S--G abr=2 col=608080 (228,151)-(256,157)
pt: +5 cmd=32 S--G abr=2 col=608080 (256,151)-(286,157)
pt: +5 cmd=32 S--G abr=1 col=60c0c0 (324,92)-(341,108)
pt: +5 cmd=32 S--G abr=1 col=60c0c0 (324,96)-(349,108)
pt: +5 cmd=32 S--G abr=1 col=60c0c0 (324,108)-(349,119)
pt: +5 cmd=32 S--G abr=1 col=60c0c0 (324,108)-(341,123)
pt: +5 cmd=32 S--G abr=1 col=60c0c0 (306,108)-(324,123)
pt: +5 cmd=32 S--G abr=1 col=60c0c0 (298,108)-(324,119)
pt: +5 cmd=32 S--G abr=1 col=60c0c0 (298,96)-(324,108)
pt: +5 cmd=32 S--G abr=1 col=60c0c0 (306,92)-(324,108)
pt: +5 cmd=32 S--G abr=2 col=608080 (230,151)-(256,160)
pt: +5 cmd=32 S--G abr=2 col=608080 (256,151)-(282,160)
pt: +5 cmd=f5 ---- abr=0 col=03c000 (0,240)-(0,0)
pt: +5 cmd=c0 ---- abr=0 col=000000 (512,0)-(768,225)
pt: +5 cmd=c1 -T-- abr=2 col=000000 (512,0)-(768,225)
pt: +5 cmd=c2 ---- abr=0 col=0001f1 (1733,1732)-(416,416)
pt: +5 cmd=c3 ---- abr=0 col=c8c780 (512,0)-(1795,2048)
pt: +5 cmd=c0 ---- abr=0 col=000000 (0,8)-(128,232)
pt: +5 cmd=c1 S--- abr=11 col=007000 (0,8)-(128,232)
pt: +5 cmd=c2 ---- abr=0 col=0001f1 (1733,1732)-(416,120)
pt: +5 cmd=c3 ---- abr=0 col=d96932 (0,8)-(1024,1024)
pt: +5 cmd=c0 ---- abr=0 col=000000 (128,8)-(256,232)
pt: +5 cmd=c1 S--- abr=11 col=007000 (128,8)-(256,232)
pt: +5 cmd=c2 ---- abr=0 col=0001f1 (1733,1732)-(120,120)
pt: +5 cmd=c3 ---- abr=0 col=c70d03 (128,8)-(1024,1024)
pt: +5 cmd=c0 ---- abr=0 col=000000 (256,8)-(384,232)
pt: +5 cmd=c1 S--- abr=11 col=007000 (256,8)-(384,232)
pt: +5 cmd=c2 ---- abr=0 col=0001f1 (1733,1732)-(120,120)
pt: +5 cmd=c3 ---- abr=0 col=cda978 (256,8)-(1024,1024)
pt: +5 cmd=c0 ---- abr=0 col=000000 (384,8)-(512,232)
pt: +5 cmd=c1 S--- abr=11 col=007000 (384,8)-(512,232)
pt: +5 cmd=c2 ---- abr=0 col=0001f1 (1733,1732)-(120,120)
pt: +5 cmd=c3 ---- abr=0 col=b64bfd (384,8)-(1024,1024)
pt: +5 cmd=e3 ---- abr=0 col=002000 (0,8)-(0,0)
pt: +5 cmd=e4 ---- abr=0 col=039dff (511,231)-(0,0)
pt: +5 cmd=e5 ---- abr=0 col=000000 (0,0)-(0,0)
pt: +5 cmd=02 ---- abr=0 col=44ba52 (0,8)-(512,232)
pt: +5 cmd=01 ---- abr=0 col=000000 (0,8)-(512,232)
pt: +5 cmd=2a S-Q- abr=2 col=404040 (140,67)-(372,176)
pt: +5 cmd=f5 ---- abr=0 col=000000 (0,0)-(0,0)
pt: +6 cmd=f8 ---- abr=0 col=000002 (0,0)-(0,0)
pt: +6 cmd=e3 ---- abr=0 col=03e000 (0,248)-(0,0)
pt: +6 cmd=e4 ---- abr=0 col=075dff (511,471)-(0,0)
pt: +6 cmd=e5 ---- abr=0 col=000000 (0,240)-(0,0)
pt: +6 cmd=02 ---- abr=0 col=44ba52 (0,248)-(512,472)
pt: +6 cmd=01 ---- abr=0 col=000000 (0,8)-(512,232)
pt: +6 cmd=2a S-Q- abr=2 col=404040 (140,67)-(372,176)
pt: +6 cmd=f5 ---- abr=0 col=03c000 (0,240)-(0,0)
pt: +7 cmd=f8 ---- abr=0 col=000002 (0,0)-(0,0)
pt: +7 cmd=e3 ---- abr=0 col=002000 (0,8)-(0,0)
pt: +7 cmd=e4 ---- abr=0 col=039dff (511,231)-(0,0)
pt: +7 cmd=e5 ---- abr=0 col=000000 (0,0)-(0,0)
pt: +7 cmd=02 ---- abr=0 col=44ba52 (0,8)-(512,232)
pt: +7 cmd=01 ---- abr=0 col=000000 (0,8)-(512,232)
pt: +7 cmd=2a S-Q- abr=2 col=404040 (140,67)-(372,176)
pt: +7 cmd=f5 ---- abr=0 col=000000 (0,0)-(0,0)
pt: +8 cmd=f8 ---- abr=0 col=000002 (0,0)-(0,0)
pt: +8 cmd=e3 ---- abr=0 col=03e000 (0,248)-(0,0)
pt: +8 cmd=e4 ---- abr=0 col=075dff (511,471)-(0,0)
pt: +8 cmd=e5 ---- abr=0 col=000000 (0,240)-(0,0)
pt: +8 cmd=02 ---- abr=0 col=44ba52 (0,248)-(512,472)
pt: +8 cmd=01 ---- abr=0 col=000000 (0,8)-(512,232)
pt: +8 cmd=2a S-Q- abr=2 col=404040 (140,67)-(372,176)
pt: +8 cmd=f5 ---- abr=0 col=03c000 (0,240)-(0,0)
pt: +9 cmd=f8 ---- abr=0 col=000002 (0,0)-(0,0)
pt: +9 cmd=e3 ---- abr=0 col=002000 (0,8)-(0,0)
pt: +9 cmd=e4 ---- abr=0 col=039dff (511,231)-(0,0)
pt: +9 cmd=e5 ---- abr=0 col=000000 (0,0)-(0,0)
pt: +9 cmd=02 ---- abr=0 col=44ba52 (0,8)-(512,232)
pt: +9 cmd=01 ---- abr=0 col=000000 (0,8)-(512,232)
pt: +9 cmd=2a S-Q- abr=2 col=404040 (140,67)-(372,176)
pt: +9 cmd=f5 ---- abr=0 col=000000 (0,0)-(0,0)
pt: +10 cmd=f8 ---- abr=0 col=000002 (0,0)-(0,0)
pt: +10 cmd=e3 ---- abr=0 col=03e000 (0,248)-(0,0)
pt: +10 cmd=e4 ---- abr=0 col=075dff (511,471)-(0,0)
pt: +10 cmd=e5 ---- abr=0 col=000000 (0,240)-(0,0)
pt: +10 cmd=02 ---- abr=0 col=44ba52 (0,248)-(512,472)
pt: +10 cmd=01 ---- abr=0 col=000000 (0,8)-(512,232)
pt: +10 cmd=2a S-Q- abr=2 col=404040 (140,67)-(372,176)
pt: +10 cmd=f5 ---- abr=0 col=03c000 (0,240)-(0,0)
pt: +11 cmd=f8 ---- abr=0 col=000002 (0,0)-(0,0)
pt: +11 cmd=e3 ---- abr=0 col=002000 (0,8)-(0,0)
pt: +11 cmd=e4 ---- abr=0 col=039dff (511,231)-(0,0)
pt: +11 cmd=e5 ---- abr=0 col=000000 (0,0)-(0,0)
pt: +11 cmd=02 ---- abr=0 col=44ba52 (0,8)-(512,232)
pt: +11 cmd=01 ---- abr=0 col=000000 (0,8)-(512,232)
pt: +11 cmd=2a S-Q- abr=2 col=404040 (140,67)-(372,176)
pt: +11 cmd=f5 ---- abr=0 col=000000 (0,0)-(0,0)
pt: +12 cmd=f8 ---- abr=0 col=000002 (0,0)-(0,0)
pt: +12 cmd=e3 ---- abr=0 col=03e000 (0,248)-(0,0)
pt: +12 cmd=e4 ---- abr=0 col=075dff (511,471)-(0,0)
pt: +12 cmd=e5 ---- abr=0 col=000000 (0,240)-(0,0)
pt: +12 cmd=02 ---- abr=0 col=44ba52 (0,248)-(512,472)
pt: +12 cmd=01 ---- abr=0 col=000000 (0,8)-(512,232)
pt: +12 cmd=2a S-Q- abr=2 col=404040 (140,67)-(372,176)
pt: +12 cmd=f5 ---- abr=0 col=03c000 (0,240)-(0,0)
pt: +13 cmd=f8 ---- abr=0 col=000002 (0,0)-(0,0)
pt: +13 cmd=e3 ---- abr=0 col=002000 (0,8)-(0,0)
pt: +13 cmd=e4 ---- abr=0 col=039dff (511,231)-(0,0)
pt: +13 cmd=e5 ---- abr=0 col=000000 (0,0)-(0,0)
pt: +13 cmd=02 ---- abr=0 col=44ba52 (0,8)-(512,232)
pt: +13 cmd=01 ---- abr=0 col=000000 (0,8)-(512,232)
pt: +13 cmd=2a S-Q- abr=2 col=404040 (140,67)-(372,176)
pt: +13 cmd=f5 ---- abr=0 col=000000 (0,0)-(0,0)
pt: +14 cmd=f8 ---- abr=0 col=000002 (0,0)-(0,0)
pt: +14 cmd=e3 ---- abr=0 col=03e000 (0,248)-(0,0)
pt: +14 cmd=e4 ---- abr=0 col=075dff (511,471)-(0,0)
pt: +14 cmd=e5 ---- abr=0 col=000000 (0,240)-(0,0)
pt: +14 cmd=02 ---- abr=0 col=44ba52 (0,248)-(512,472)
pt: +14 cmd=01 ---- abr=0 col=000000 (0,8)-(512,232)
pt: +14 cmd=2a S-Q- abr=2 col=404040 (140,67)-(372,176)
pt: +14 cmd=f5 ---- abr=0 col=03c000 (0,240)-(0,0)
pt: +15 cmd=f8 ---- abr=0 col=000002 (0,0)-(0,0)
pt: +15 cmd=e3 ---- abr=0 col=002000 (0,8)-(0,0)
pt: +15 cmd=e4 ---- abr=0 col=039dff (511,231)-(0,0)
pt: +15 cmd=e5 ---- abr=0 col=000000 (0,0)-(0,0)
pt: +15 cmd=02 ---- abr=0 col=44ba52 (0,8)-(512,232)
pt: +15 cmd=01 ---- abr=0 col=000000 (0,8)-(512,232)
pt: +15 cmd=2a S-Q- abr=2 col=404040 (140,67)-(372,176)
pt: +15 cmd=f5 ---- abr=0 col=000000 (0,0)-(0,0)
ogxeq: n=548074 mism=0 hole=0
ogxdraw: ft=1624 gt=547006 uni_ft=52 uni_gt=7986 vram_wr=30178 inval=1450
ogxud: gt=1 nv=4 mode=0 page=12 clut=23f4 tex=1 256x256 semi=2 texel=c631 uv1024=(4,4)(128,4)(4,128)(128,128)
ogxud: gt=1 nv=4 mode=0 page=13 clut=23f5 tex=1 256x256 semi=2 texel=c631 uv1024=(140,4)(264,4)(140,128)(264,128)
ogxud: gt=1 nv=3 mode=0 page=13 clut=23f5 tex=1 256x256 semi=2 texel=c631 uv1024=(140,4)(264,4)(140,128)(0,0)
ogxud: gt=1 nv=4 mode=0 page=12 clut=23f4 tex=1 256x256 semi=2 texel=c631 uv1024=(4,4)(128,4)(4,128)(128,128)
ogxud: gt=1 nv=4 mode=0 page=13 clut=23f5 tex=1 256x256 semi=2 texel=c631 uv1024=(140,4)(264,4)(140,128)(264,128)
ogxud: gt=1 nv=4 mode=0 page=13 clut=23f5 tex=1 256x256 semi=2 texel=c631 uv1024=(140,4)(264,4)(140,128)(264,128)
ogxud: gt=1 nv=4 mode=0 page=12 clut=23f4 tex=1 256x256 semi=2 texel=c631 uv1024=(4,4)(128,4)(4,128)(128,128)
ogxud: gt=1 nv=4 mode=0 page=13 clut=23b5 tex=1 256x256 semi=2 texel=ca52 uv1024=(412,4)(536,4)(412,128)(536,128)
cd: reads=6603 bytes=15530256 seq=6592 rand=11 worst_us=5171 total_us=171091
chd: hit=0 miss=0 err=0 chd_us=0
menu: frames=0 menu_us=0 strings=73800 glyphs=275476 texloads=275476
