--- perf frames=1800 ---
fixes: dwActFixes=00000000 cdrom=SCUS94244
cpu: slices=3322372 int=0 cpu_us=75192719 jit_full=0 jit_part=13701 interp_fb=0 hle=397739 exc=3618
wall: wall_us=75216213 vblanks=3822 pal=0 nested=3083968
inside: limit_us=14854025 limit=1678 target=1666 spu_us=5837676 spu=46818 out_us=408169 out=46818 hw_us=32855537 hw=2969123 hw_gpu_us=32649158 hw_gpu=554590
slicecost: sched_us=20185827 jit_us=50092256 post_us=4914636 exit_norm=2105879 exit_irq=815136
slice: cycles=31896361945 avg=9600 tiny=85506
irq: sio=14988 cdr=85 cdread=1245 gpudma=3606 spudma=12 cdrdma=2462 newdrc=11 rcnt=150616
ram: mem1_free_kb=5419 mem2=9127/24575KB peak=9127KB fails=0 null_read=0 heap_ok=1
gpu: tex_hit=823589 miss=83535 resets=9963 loads=0 bytes=0 batches=0
gpu: drawdone=9963 drawdone_us=30224 convert_us=0 present_us=323219
texk: conv_us=112602 conv=686 texels=714862 tile_us=99118 tile=686 mdec_us=0 mdec=0
ogx: gc=0 sub_new=686 sub_hit=902206 skip=450018 unaligned=577 oob=0
ogxskip: b1=437566 b2=12452 op_empty=0 op_semi=0
ogxupl: semi=79 opaque=607 mismatch=0
ogxgeom: coord_rej=0
offsoft: prims=0 rejected=129914 | pad: startpoll=3747 update=3747 ai_calls=3747
sio: write8=22482 start=3747 ctrl16=44964 read8=29976 irq=14988 padtype0=1
ogxoff: prims=47 tex=9 off_roi=0 fills=1799 fills_off=0 va=1807 va_roi=899
ogxva: rect=(512,12)-(1024,228)
ogxva: rect=(512,12)-(1024,228)
ogxva: rect=(512,12)-(1024,228)
ogxva: rect=(512,12)-(1024,228)
ogxva: rect=(512,12)-(1024,228)
ogxva: rect=(512,12)-(1024,228)
ogxva: rect=(512,12)-(1024,228)
ogxva: rect=(512,12)-(1024,228)
autoinput: vblank=23 mask=0000 at_present=2
ptrace: armed_at_present=369 vblank=960 prims/semi/fills per present: 1/1/0 66/29/1 66/29/1 66/29/1 66/29/1 66/29/1 66/29/1 66/29/1 66/29/1 2/1/1 2/1/1 72/1/1 919/103/1 923/107/1 926/107/1 948/106/1
pt: +0 cmd=2a S-Q- abr=2 col=121212 (0,0)-(512,240)
pt: +0 cmd=f5 ---- abr=0 col=000200 (512,0)-(0,0)
pt: +1 cmd=f8 ---- abr=0 col=000002 (0,0)-(0,0)
pt: +1 cmd=e3 ---- abr=0 col=003000 (0,12)-(0,0)
pt: +1 cmd=e4 ---- abr=0 col=038dff (511,227)-(0,0)
pt: +1 cmd=e5 ---- abr=0 col=000000 (0,12)-(0,0)
pt: +1 cmd=02 ---- abr=0 col=000000 (0,12)-(512,228)
pt: +1 cmd=01 ---- abr=0 col=000000 (0,12)-(512,228)
pt: +1 cmd=34 -T-G abr=3 col=5d5d5d (148,205)-(202,230)
pt: +1 cmd=34 -T-G abr=3 col=5d5d5d (148,205)-(202,230)
pt: +1 cmd=34 -T-G abr=3 col=5d5d5d (202,205)-(256,230)
pt: +1 cmd=34 -T-G abr=3 col=5d5d5d (202,205)-(256,230)
pt: +1 cmd=34 -T-G abr=3 col=5d5d5d (256,205)-(309,230)
pt: +1 cmd=34 -T-G abr=3 col=5d5d5d (256,205)-(309,230)
pt: +1 cmd=34 -T-G abr=3 col=5d5d5d (309,205)-(363,230)
pt: +1 cmd=34 -T-G abr=3 col=5d5d5d (309,205)-(363,230)
pt: +1 cmd=34 -T-G abr=3 col=5d5d5d (363,205)-(416,230)
pt: +1 cmd=34 -T-G abr=3 col=5d5d5d (363,205)-(416,230)
pt: +1 cmd=34 -T-G abr=3 col=5d5d5d (95,180)-(148,205)
pt: +1 cmd=34 -T-G abr=3 col=5d5d5d (42,180)-(95,205)
pt: +1 cmd=34 -T-G abr=3 col=5d5d5d (42,180)-(95,205)
pt: +1 cmd=34 -T-G abr=3 col=5d5d5d (42,205)-(95,230)
pt: +1 cmd=34 -T-G abr=3 col=5d5d5d (42,205)-(95,230)
pt: +1 cmd=34 -T-G abr=3 col=5d5d5d (95,205)-(148,230)
pt: +1 cmd=34 -T-G abr=3 col=5d5d5d (95,205)-(148,230)
pt: +1 cmd=34 -T-G abr=3 col=5d5d5d (95,180)-(148,205)
pt: +1 cmd=36 ST-G abr=1 col=5d5d5d (148,29)-(202,79)
pt: +1 cmd=36 ST-G abr=1 col=5d5d5d (148,29)-(202,79)
pt: +1 cmd=36 ST-G abr=1 col=5d5d5d (148,79)-(202,130)
pt: +1 cmd=36 ST-G abr=1 col=5d5d5d (148,79)-(202,130)
pt: +1 cmd=36 ST-G abr=1 col=5d5d5d (148,130)-(202,180)
pt: +1 cmd=34 -T-G abr=3 col=5d5d5d (95,130)-(148,180)
pt: +1 cmd=34 -T-G abr=3 col=5d5d5d (95,130)-(148,180)
pt: +1 cmd=36 ST-G abr=1 col=5d5d5d (95,79)-(148,130)
pt: +1 cmd=36 ST-G abr=1 col=5d5d5d (95,79)-(148,130)
pt: +1 cmd=36 ST-G abr=1 col=5d5d5d (202,79)-(256,130)
pt: +1 cmd=36 ST-G abr=1 col=5d5d5d (202,79)-(256,130)
pt: +1 cmd=36 ST-G abr=1 col=5d5d5d (256,79)-(309,130)
pt: +1 cmd=36 ST-G abr=1 col=5d5d5d (256,79)-(309,130)
pt: +1 cmd=36 ST-G abr=1 col=5d5d5d (256,130)-(309,180)
pt: +1 cmd=36 ST-G abr=1 col=5d5d5d (202,130)-(256,180)
pt: +1 cmd=36 ST-G abr=1 col=5d5d5d (202,130)-(256,180)
pt: +1 cmd=36 ST-G abr=1 col=5d5d5d (148,130)-(202,180)
pt: +1 cmd=34 -T-G abr=3 col=5d5d5d (148,180)-(202,205)
pt: +1 cmd=34 -T-G abr=3 col=5d5d5d (148,180)-(202,205)
pt: +1 cmd=34 -T-G abr=3 col=5d5d5d (202,180)-(256,205)
pt: +1 cmd=34 -T-G abr=3 col=5d5d5d (202,180)-(256,205)
pt: +1 cmd=34 -T-G abr=3 col=5d5d5d (256,180)-(309,205)
pt: +1 cmd=34 -T-G abr=3 col=5d5d5d (256,180)-(309,205)
pt: +1 cmd=36 ST-G abr=1 col=5d5d5d (256,130)-(309,180)
pt: +1 cmd=36 ST-G abr=1 col=5d5d5d (309,130)-(363,180)
pt: +1 cmd=36 ST-G abr=1 col=5d5d5d (309,130)-(363,180)
pt: +1 cmd=34 -T-G abr=3 col=5d5d5d (309,180)-(363,205)
pt: +1 cmd=34 -T-G abr=3 col=5d5d5d (309,180)-(363,205)
pt: +1 cmd=34 -T-G abr=3 col=5d5d5d (416,205)-(469,230)
pt: +1 cmd=34 -T-G abr=3 col=5d5d5d (416,205)-(469,230)
pt: +1 cmd=34 -T-G abr=3 col=5d5d5d (416,180)-(469,205)
pt: +1 cmd=34 -T-G abr=3 col=5d5d5d (416,180)-(469,205)
pt: +1 cmd=34 -T-G abr=3 col=5d5d5d (363,180)-(416,205)
pt: +1 cmd=34 -T-G abr=3 col=5d5d5d (363,180)-(416,205)
pt: +1 cmd=34 -T-G abr=3 col=5d5d5d (363,130)-(416,180)
pt: +1 cmd=34 -T-G abr=3 col=5d5d5d (363,130)-(416,180)
pt: +1 cmd=36 ST-G abr=1 col=5d5d5d (363,79)-(416,130)
pt: +1 cmd=36 ST-G abr=1 col=5d5d5d (363,79)-(416,130)
pt: +1 cmd=36 ST-G abr=1 col=5d5d5d (309,79)-(363,130)
pt: +1 cmd=36 ST-G abr=1 col=5d5d5d (309,79)-(363,130)
pt: +1 cmd=36 ST-G abr=1 col=5d5d5d (309,29)-(363,79)
pt: +1 cmd=36 ST-G abr=1 col=5d5d5d (309,29)-(363,79)
pt: +1 cmd=36 ST-G abr=1 col=5d5d5d (256,29)-(309,79)
pt: +1 cmd=36 ST-G abr=1 col=5d5d5d (256,29)-(309,79)
pt: +1 cmd=36 ST-G abr=1 col=5d5d5d (202,29)-(256,79)
pt: +1 cmd=36 ST-G abr=1 col=5d5d5d (202,29)-(256,79)
pt: +1 cmd=2a S-Q- abr=2 col=191919 (0,0)-(512,240)
pt: +1 cmd=f5 ---- abr=0 col=000000 (0,0)-(0,0)
pt: +2 cmd=f8 ---- abr=0 col=000002 (0,0)-(0,0)
pt: +2 cmd=e3 ---- abr=0 col=003200 (512,12)-(0,0)
pt: +2 cmd=e4 ---- abr=0 col=038fff (1023,227)-(0,0)
pt: +2 cmd=e5 ---- abr=0 col=000000 (512,12)-(0,0)
pt: +2 cmd=02 ---- abr=0 col=000000 (512,12)-(1024,228)
pt: +2 cmd=01 ---- abr=0 col=000000 (0,12)-(512,228)
pt: +2 cmd=34 -T-G abr=3 col=5d5d5d (161,195)-(208,218)
pt: +2 cmd=34 -T-G abr=3 col=5d5d5d (161,195)-(208,218)
pt: +2 cmd=34 -T-G abr=3 col=5d5d5d (208,195)-(256,218)
pt: +2 cmd=34 -T-G abr=3 col=5d5d5d (208,195)-(256,218)
pt: +2 cmd=34 -T-G abr=3 col=5d5d5d (256,195)-(303,218)
pt: +2 cmd=34 -T-G abr=3 col=5d5d5d (256,195)-(303,218)
pt: +2 cmd=34 -T-G abr=3 col=5d5d5d (303,195)-(350,218)
pt: +2 cmd=34 -T-G abr=3 col=5d5d5d (303,195)-(350,218)
pt: +2 cmd=34 -T-G abr=3 col=5d5d5d (350,195)-(396,218)
pt: +2 cmd=34 -T-G abr=3 col=5d5d5d (350,195)-(396,218)
pt: +2 cmd=34 -T-G abr=3 col=5d5d5d (115,174)-(161,195)
pt: +2 cmd=34 -T-G abr=3 col=5d5d5d (68,174)-(115,195)
pt: +2 cmd=34 -T-G abr=3 col=5d5d5d (68,174)-(115,195)
pt: +2 cmd=34 -T-G abr=3 col=5d5d5d (68,195)-(115,218)
pt: +2 cmd=34 -T-G abr=3 col=5d5d5d (68,195)-(115,218)
pt: +2 cmd=34 -T-G abr=3 col=5d5d5d (115,195)-(161,218)
pt: +2 cmd=34 -T-G abr=3 col=5d5d5d (115,195)-(161,218)
pt: +2 cmd=34 -T-G abr=3 col=5d5d5d (115,174)-(161,195)
pt: +2 cmd=36 ST-G abr=1 col=5d5d5d (161,41)-(208,85)
pt: +2 cmd=36 ST-G abr=1 col=5d5d5d (161,41)-(208,85)
pt: +2 cmd=36 ST-G abr=1 col=5d5d5d (161,85)-(208,130)
pt: +2 cmd=36 ST-G abr=1 col=5d5d5d (161,85)-(208,130)
pt: +2 cmd=36 ST-G abr=1 col=5d5d5d (161,130)-(208,174)
pt: +2 cmd=34 -T-G abr=3 col=5d5d5d (115,130)-(161,174)
pt: +2 cmd=34 -T-G abr=3 col=5d5d5d (115,130)-(161,174)
pt: +2 cmd=36 ST-G abr=1 col=5d5d5d (115,85)-(161,130)
pt: +2 cmd=36 ST-G abr=1 col=5d5d5d (115,85)-(161,130)
pt: +2 cmd=36 ST-G abr=1 col=5d5d5d (208,85)-(256,130)
pt: +2 cmd=36 ST-G abr=1 col=5d5d5d (208,85)-(256,130)
pt: +2 cmd=36 ST-G abr=1 col=5d5d5d (256,85)-(303,130)
pt: +2 cmd=36 ST-G abr=1 col=5d5d5d (256,85)-(303,130)
pt: +2 cmd=36 ST-G abr=1 col=5d5d5d (256,130)-(303,174)
pt: +2 cmd=36 ST-G abr=1 col=5d5d5d (208,130)-(256,174)
pt: +2 cmd=36 ST-G abr=1 col=5d5d5d (208,130)-(256,174)
pt: +2 cmd=36 ST-G abr=1 col=5d5d5d (161,130)-(208,174)
pt: +2 cmd=34 -T-G abr=3 col=5d5d5d (161,174)-(208,195)
pt: +2 cmd=34 -T-G abr=3 col=5d5d5d (161,174)-(208,195)
pt: +2 cmd=34 -T-G abr=3 col=5d5d5d (208,174)-(256,195)
pt: +2 cmd=34 -T-G abr=3 col=5d5d5d (208,174)-(256,195)
pt: +2 cmd=34 -T-G abr=3 col=5d5d5d (256,174)-(303,195)
pt: +2 cmd=34 -T-G abr=3 col=5d5d5d (256,174)-(303,195)
pt: +2 cmd=36 ST-G abr=1 col=5d5d5d (256,130)-(303,174)
pt: +2 cmd=36 ST-G abr=1 col=5d5d5d (303,130)-(350,174)
pt: +2 cmd=36 ST-G abr=1 col=5d5d5d (303,130)-(350,174)
pt: +2 cmd=34 -T-G abr=3 col=5d5d5d (303,174)-(350,195)
pt: +2 cmd=34 -T-G abr=3 col=5d5d5d (303,174)-(350,195)
pt: +2 cmd=34 -T-G abr=3 col=5d5d5d (396,195)-(443,218)
pt: +2 cmd=34 -T-G abr=3 col=5d5d5d (396,195)-(443,218)
pt: +2 cmd=34 -T-G abr=3 col=5d5d5d (396,174)-(443,195)
pt: +2 cmd=34 -T-G abr=3 col=5d5d5d (396,174)-(443,195)
pt: +2 cmd=34 -T-G abr=3 col=5d5d5d (350,174)-(396,195)
pt: +2 cmd=34 -T-G abr=3 col=5d5d5d (350,174)-(396,195)
pt: +2 cmd=34 -T-G abr=3 col=5d5d5d (350,130)-(396,174)
pt: +2 cmd=34 -T-G abr=3 col=5d5d5d (350,130)-(396,174)
pt: +2 cmd=36 ST-G abr=1 col=5d5d5d (350,85)-(396,130)
pt: +2 cmd=36 ST-G abr=1 col=5d5d5d (350,85)-(396,130)
pt: +2 cmd=36 ST-G abr=1 col=5d5d5d (303,85)-(350,130)
pt: +2 cmd=36 ST-G abr=1 col=5d5d5d (303,85)-(350,130)
pt: +2 cmd=36 ST-G abr=1 col=5d5d5d (303,41)-(350,85)
pt: +2 cmd=36 ST-G abr=1 col=5d5d5d (303,41)-(350,85)
pt: +2 cmd=36 ST-G abr=1 col=5d5d5d (256,41)-(303,85)
pt: +2 cmd=36 ST-G abr=1 col=5d5d5d (256,41)-(303,85)
pt: +2 cmd=36 ST-G abr=1 col=5d5d5d (208,41)-(256,85)
pt: +2 cmd=36 ST-G abr=1 col=5d5d5d (208,41)-(256,85)
pt: +2 cmd=2a S-Q- abr=2 col=1f1f1f (0,0)-(512,240)
pt: +2 cmd=f5 ---- abr=0 col=000200 (512,0)-(0,0)
pt: +3 cmd=f8 ---- abr=0 col=000002 (0,0)-(0,0)
pt: +3 cmd=e3 ---- abr=0 col=003000 (0,12)-(0,0)
pt: +3 cmd=e4 ---- abr=0 col=038dff (511,227)-(0,0)
pt: +3 cmd=e5 ---- abr=0 col=000000 (0,12)-(0,0)
pt: +3 cmd=02 ---- abr=0 col=000000 (0,12)-(512,228)
pt: +3 cmd=01 ---- abr=0 col=000000 (0,12)-(512,228)
pt: +3 cmd=34 -T-G abr=3 col=5d5d5d (175,186)-(215,205)
pt: +3 cmd=34 -T-G abr=3 col=5d5d5d (175,186)-(215,205)
pt: +3 cmd=34 -T-G abr=3 col=5d5d5d (215,186)-(256,205)
pt: +3 cmd=34 -T-G abr=3 col=5d5d5d (215,186)-(256,205)
pt: +3 cmd=34 -T-G abr=3 col=5d5d5d (256,186)-(296,205)
pt: +3 cmd=34 -T-G abr=3 col=5d5d5d (256,186)-(296,205)
pt: +3 cmd=34 -T-G abr=3 col=5d5d5d (296,186)-(336,205)
pt: +3 cmd=34 -T-G abr=3 col=5d5d5d (296,186)-(336,205)
pt: +3 cmd=34 -T-G abr=3 col=5d5d5d (336,186)-(376,205)
pt: +3 cmd=34 -T-G abr=3 col=5d5d5d (336,186)-(376,205)
pt: +3 cmd=34 -T-G abr=3 col=5d5d5d (135,168)-(175,186)
pt: +3 cmd=34 -T-G abr=3 col=5d5d5d (95,168)-(135,186)
pt: +3 cmd=34 -T-G abr=3 col=5d5d5d (95,168)-(135,186)
pt: +3 cmd=34 -T-G abr=3 col=5d5d5d (95,186)-(135,205)
pt: +3 cmd=34 -T-G abr=3 col=5d5d5d (95,186)-(135,205)
pt: +3 cmd=34 -T-G abr=3 col=5d5d5d (135,186)-(175,205)
pt: +3 cmd=34 -T-G abr=3 col=5d5d5d (135,186)-(175,205)
pt: +3 cmd=34 -T-G abr=3 col=5d5d5d (135,168)-(175,186)
pt: +3 cmd=36 ST-G abr=1 col=5d5d5d (175,54)-(215,91)
pt: +3 cmd=36 ST-G abr=1 col=5d5d5d (175,54)-(215,91)
pt: +3 cmd=36 ST-G abr=1 col=5d5d5d (175,91)-(215,130)
pt: +3 cmd=36 ST-G abr=1 col=5d5d5d (175,91)-(215,130)
pt: +3 cmd=36 ST-G abr=1 col=5d5d5d (175,130)-(215,168)
pt: +3 cmd=34 -T-G abr=3 col=5d5d5d (135,130)-(175,168)
pt: +3 cmd=34 -T-G abr=3 col=5d5d5d (135,130)-(175,168)
pt: +3 cmd=36 ST-G abr=1 col=5d5d5d (135,91)-(175,130)
pt: +3 cmd=36 ST-G abr=1 col=5d5d5d (135,91)-(175,130)
pt: +3 cmd=36 ST-G abr=1 col=5d5d5d (215,91)-(256,130)
pt: +3 cmd=36 ST-G abr=1 col=5d5d5d (215,91)-(256,130)
pt: +3 cmd=36 ST-G abr=1 col=5d5d5d (256,91)-(296,130)
pt: +3 cmd=36 ST-G abr=1 col=5d5d5d (256,91)-(296,130)
pt: +3 cmd=36 ST-G abr=1 col=5d5d5d (256,130)-(296,168)
pt: +3 cmd=36 ST-G abr=1 col=5d5d5d (215,130)-(256,168)
pt: +3 cmd=36 ST-G abr=1 col=5d5d5d (215,130)-(256,168)
pt: +3 cmd=36 ST-G abr=1 col=5d5d5d (175,130)-(215,168)
pt: +3 cmd=34 -T-G abr=3 col=5d5d5d (175,168)-(215,186)
pt: +3 cmd=34 -T-G abr=3 col=5d5d5d (175,168)-(215,186)
pt: +3 cmd=34 -T-G abr=3 col=5d5d5d (215,168)-(256,186)
pt: +3 cmd=34 -T-G abr=3 col=5d5d5d (215,168)-(256,186)
pt: +3 cmd=34 -T-G abr=3 col=5d5d5d (256,168)-(296,186)
pt: +3 cmd=34 -T-G abr=3 col=5d5d5d (256,168)-(296,186)
pt: +3 cmd=36 ST-G abr=1 col=5d5d5d (256,130)-(296,168)
pt: +3 cmd=36 ST-G abr=1 col=5d5d5d (296,130)-(336,168)
pt: +3 cmd=36 ST-G abr=1 col=5d5d5d (296,130)-(336,168)
pt: +3 cmd=34 -T-G abr=3 col=5d5d5d (296,168)-(336,186)
pt: +3 cmd=34 -T-G abr=3 col=5d5d5d (296,168)-(336,186)
pt: +3 cmd=34 -T-G abr=3 col=5d5d5d (376,186)-(416,205)
pt: +3 cmd=34 -T-G abr=3 col=5d5d5d (376,186)-(416,205)
pt: +3 cmd=34 -T-G abr=3 col=5d5d5d (376,168)-(416,186)
pt: +3 cmd=34 -T-G abr=3 col=5d5d5d (376,168)-(416,186)
pt: +3 cmd=34 -T-G abr=3 col=5d5d5d (336,168)-(376,186)
pt: +3 cmd=34 -T-G abr=3 col=5d5d5d (336,168)-(376,186)
pt: +3 cmd=34 -T-G abr=3 col=5d5d5d (336,130)-(376,168)
pt: +3 cmd=34 -T-G abr=3 col=5d5d5d (336,130)-(376,168)
pt: +3 cmd=36 ST-G abr=1 col=5d5d5d (336,91)-(376,130)
pt: +3 cmd=36 ST-G abr=1 col=5d5d5d (336,91)-(376,130)
pt: +3 cmd=36 ST-G abr=1 col=5d5d5d (296,91)-(336,130)
pt: +3 cmd=36 ST-G abr=1 col=5d5d5d (296,91)-(336,130)
pt: +3 cmd=36 ST-G abr=1 col=5d5d5d (296,54)-(336,91)
pt: +3 cmd=36 ST-G abr=1 col=5d5d5d (296,54)-(336,91)
pt: +3 cmd=36 ST-G abr=1 col=5d5d5d (256,54)-(296,91)
pt: +3 cmd=36 ST-G abr=1 col=5d5d5d (256,54)-(296,91)
pt: +3 cmd=36 ST-G abr=1 col=5d5d5d (215,54)-(256,91)
pt: +3 cmd=36 ST-G abr=1 col=5d5d5d (215,54)-(256,91)
pt: +3 cmd=2a S-Q- abr=2 col=262626 (0,0)-(512,240)
pt: +3 cmd=f5 ---- abr=0 col=000000 (0,0)-(0,0)
pt: +4 cmd=f8 ---- abr=0 col=000002 (0,0)-(0,0)
pt: +4 cmd=e3 ---- abr=0 col=003200 (512,12)-(0,0)
pt: +4 cmd=e4 ---- abr=0 col=038fff (1023,227)-(0,0)
pt: +4 cmd=e5 ---- abr=0 col=000000 (512,12)-(0,0)
pt: +4 cmd=02 ---- abr=0 col=000000 (512,12)-(1024,228)
pt: +4 cmd=01 ---- abr=0 col=000000 (0,12)-(512,228)
pt: +4 cmd=34 -T-G abr=3 col=5d5d5d (188,177)-(222,193)
pt: +4 cmd=34 -T-G abr=3 col=5d5d5d (188,177)-(222,193)
pt: +4 cmd=34 -T-G abr=3 col=5d5d5d (222,177)-(256,193)
pt: +4 cmd=34 -T-G abr=3 col=5d5d5d (222,177)-(256,193)
pt: +4 cmd=34 -T-G abr=3 col=5d5d5d (256,177)-(289,193)
pt: +4 cmd=34 -T-G abr=3 col=5d5d5d (256,177)-(289,193)
pt: +4 cmd=34 -T-G abr=3 col=5d5d5d (289,177)-(323,193)
pt: +4 cmd=34 -T-G abr=3 col=5d5d5d (289,177)-(323,193)
pt: +4 cmd=34 -T-G abr=3 col=5d5d5d (323,177)-(356,193)
pt: +4 cmd=34 -T-G abr=3 col=5d5d5d (323,177)-(356,193)
pt: +4 cmd=34 -T-G abr=3 col=5d5d5d (155,161)-(188,177)
pt: +4 cmd=34 -T-G abr=3 col=5d5d5d (122,161)-(155,177)
pt: +4 cmd=34 -T-G abr=3 col=5d5d5d (122,161)-(155,177)
pt: +4 cmd=34 -T-G abr=3 col=5d5d5d (122,177)-(155,193)
pt: +4 cmd=34 -T-G abr=3 col=5d5d5d (122,177)-(155,193)
pt: +4 cmd=34 -T-G abr=3 col=5d5d5d (155,177)-(188,193)
pt: +4 cmd=34 -T-G abr=3 col=5d5d5d (155,177)-(188,193)
pt: +4 cmd=34 -T-G abr=3 col=5d5d5d (155,161)-(188,177)
pt: +4 cmd=36 ST-G abr=1 col=5d5d5d (188,66)-(222,98)
pt: +4 cmd=36 ST-G abr=1 col=5d5d5d (188,66)-(222,98)
pt: +4 cmd=36 ST-G abr=1 col=5d5d5d (188,98)-(222,130)
pt: +4 cmd=36 ST-G abr=1 col=5d5d5d (188,98)-(222,130)
pt: +4 cmd=36 ST-G abr=1 col=5d5d5d (188,130)-(222,161)
pt: +4 cmd=34 -T-G abr=3 col=5d5d5d (155,130)-(188,161)
pt: +4 cmd=34 -T-G abr=3 col=5d5d5d (155,130)-(188,161)
pt: +4 cmd=36 ST-G abr=1 col=5d5d5d (155,98)-(188,130)
pt: +4 cmd=36 ST-G abr=1 col=5d5d5d (155,98)-(188,130)
pt: +4 cmd=36 ST-G abr=1 col=5d5d5d (222,98)-(256,130)
pt: +4 cmd=36 ST-G abr=1 col=5d5d5d (222,98)-(256,130)
pt: +4 cmd=36 ST-G abr=1 col=5d5d5d (256,98)-(289,130)
pt: +4 cmd=36 ST-G abr=1 col=5d5d5d (256,98)-(289,130)
pt: +4 cmd=36 ST-G abr=1 col=5d5d5d (256,130)-(289,161)
pt: +4 cmd=36 ST-G abr=1 col=5d5d5d (222,130)-(256,161)
pt: +4 cmd=36 ST-G abr=1 col=5d5d5d (222,130)-(256,161)
pt: +4 cmd=36 ST-G abr=1 col=5d5d5d (188,130)-(222,161)
pt: +4 cmd=34 -T-G abr=3 col=5d5d5d (188,161)-(222,177)
pt: +4 cmd=34 -T-G abr=3 col=5d5d5d (188,161)-(222,177)
pt: +4 cmd=34 -T-G abr=3 col=5d5d5d (222,161)-(256,177)
pt: +4 cmd=34 -T-G abr=3 col=5d5d5d (222,161)-(256,177)
pt: +4 cmd=34 -T-G abr=3 col=5d5d5d (256,161)-(289,177)
pt: +4 cmd=34 -T-G abr=3 col=5d5d5d (256,161)-(289,177)
pt: +4 cmd=36 ST-G abr=1 col=5d5d5d (256,130)-(289,161)
pt: +4 cmd=36 ST-G abr=1 col=5d5d5d (289,130)-(323,161)
pt: +4 cmd=36 ST-G abr=1 col=5d5d5d (289,130)-(323,161)
pt: +4 cmd=34 -T-G abr=3 col=5d5d5d (289,161)-(323,177)
pt: +4 cmd=34 -T-G abr=3 col=5d5d5d (289,161)-(323,177)
pt: +4 cmd=34 -T-G abr=3 col=5d5d5d (356,177)-(389,193)
pt: +4 cmd=34 -T-G abr=3 col=5d5d5d (356,177)-(389,193)
pt: +4 cmd=34 -T-G abr=3 col=5d5d5d (356,161)-(389,177)
pt: +4 cmd=34 -T-G abr=3 col=5d5d5d (356,161)-(389,177)
pt: +4 cmd=34 -T-G abr=3 col=5d5d5d (323,161)-(356,177)
pt: +4 cmd=34 -T-G abr=3 col=5d5d5d (323,161)-(356,177)
pt: +4 cmd=34 -T-G abr=3 col=5d5d5d (323,130)-(356,161)
pt: +4 cmd=34 -T-G abr=3 col=5d5d5d (323,130)-(356,161)
pt: +4 cmd=36 ST-G abr=1 col=5d5d5d (323,98)-(356,130)
pt: +4 cmd=36 ST-G abr=1 col=5d5d5d (323,98)-(356,130)
pt: +4 cmd=36 ST-G abr=1 col=5d5d5d (289,98)-(323,130)
pt: +4 cmd=36 ST-G abr=1 col=5d5d5d (289,98)-(323,130)
pt: +4 cmd=36 ST-G abr=1 col=5d5d5d (289,66)-(323,98)
pt: +4 cmd=36 ST-G abr=1 col=5d5d5d (289,66)-(323,98)
pt: +4 cmd=36 ST-G abr=1 col=5d5d5d (256,66)-(289,98)
pt: +4 cmd=36 ST-G abr=1 col=5d5d5d (256,66)-(289,98)
pt: +4 cmd=36 ST-G abr=1 col=5d5d5d (222,66)-(256,98)
pt: +4 cmd=36 ST-G abr=1 col=5d5d5d (222,66)-(256,98)
pt: +4 cmd=2a S-Q- abr=2 col=2c2c2c (0,0)-(512,240)
pt: +4 cmd=f5 ---- abr=0 col=000200 (512,0)-(0,0)
pt: +5 cmd=f8 ---- abr=0 col=000002 (0,0)-(0,0)
pt: +5 cmd=e3 ---- abr=0 col=003000 (0,12)-(0,0)
pt: +5 cmd=e4 ---- abr=0 col=038dff (511,227)-(0,0)
pt: +5 cmd=e5 ---- abr=0 col=000000 (0,12)-(0,0)
pt: +5 cmd=02 ---- abr=0 col=000000 (0,12)-(512,228)
pt: +5 cmd=01 ---- abr=0 col=000000 (0,12)-(512,228)
pt: +5 cmd=34 -T-G abr=3 col=5d5d5d (202,167)-(229,180)
pt: +5 cmd=34 -T-G abr=3 col=5d5d5d (202,167)-(229,180)
pt: +5 cmd=34 -T-G abr=3 col=5d5d5d (229,167)-(256,180)
pt: +5 cmd=34 -T-G abr=3 col=5d5d5d (229,167)-(256,180)
pt: +5 cmd=34 -T-G abr=3 col=5d5d5d (256,167)-(282,180)
pt: +5 cmd=34 -T-G abr=3 col=5d5d5d (256,167)-(282,180)
pt: +5 cmd=34 -T-G abr=3 col=5d5d5d (282,167)-(309,180)
pt: +5 cmd=34 -T-G abr=3 col=5d5d5d (282,167)-(309,180)
pt: +5 cmd=34 -T-G abr=3 col=5d5d5d (309,167)-(336,180)
pt: +5 cmd=34 -T-G abr=3 col=5d5d5d (309,167)-(336,180)
pt: +5 cmd=34 -T-G abr=3 col=5d5d5d (175,155)-(202,167)
pt: +5 cmd=34 -T-G abr=3 col=5d5d5d (149,155)-(175,167)
pt: +5 cmd=34 -T-G abr=3 col=5d5d5d (149,155)-(175,167)
pt: +5 cmd=34 -T-G abr=3 col=5d5d5d (149,167)-(175,180)
pt: +5 cmd=34 -T-G abr=3 col=5d5d5d (149,167)-(175,180)
pt: +5 cmd=34 -T-G abr=3 col=5d5d5d (175,167)-(202,180)
pt: +5 cmd=34 -T-G abr=3 col=5d5d5d (175,167)-(202,180)
pt: +5 cmd=34 -T-G abr=3 col=5d5d5d (175,155)-(202,167)
pt: +5 cmd=36 ST-G abr=1 col=5d5d5d (202,79)-(229,104)
pt: +5 cmd=36 ST-G abr=1 col=5d5d5d (202,79)-(229,104)
pt: +5 cmd=36 ST-G abr=1 col=5d5d5d (202,104)-(229,130)
pt: +5 cmd=36 ST-G abr=1 col=5d5d5d (202,104)-(229,130)
pt: +5 cmd=36 ST-G abr=1 col=5d5d5d (202,130)-(229,155)
pt: +5 cmd=34 -T-G abr=3 col=5d5d5d (175,130)-(202,155)
pt: +5 cmd=34 -T-G abr=3 col=5d5d5d (175,130)-(202,155)
pt: +5 cmd=36 ST-G abr=1 col=5d5d5d (175,104)-(202,130)
pt: +5 cmd=36 ST-G abr=1 col=5d5d5d (175,104)-(202,130)
pt: +5 cmd=36 ST-G abr=1 col=5d5d5d (229,104)-(256,130)
pt: +5 cmd=36 ST-G abr=1 col=5d5d5d (229,104)-(256,130)
pt: +5 cmd=36 ST-G abr=1 col=5d5d5d (256,104)-(282,130)
pt: +5 cmd=36 ST-G abr=1 col=5d5d5d (256,104)-(282,130)
pt: +5 cmd=36 ST-G abr=1 col=5d5d5d (256,130)-(282,155)
pt: +5 cmd=36 ST-G abr=1 col=5d5d5d (229,130)-(256,155)
pt: +5 cmd=36 ST-G abr=1 col=5d5d5d (229,130)-(256,155)
pt: +5 cmd=36 ST-G abr=1 col=5d5d5d (202,130)-(229,155)
pt: +5 cmd=34 -T-G abr=3 col=5d5d5d (202,155)-(229,167)
pt: +5 cmd=34 -T-G abr=3 col=5d5d5d (202,155)-(229,167)
pt: +5 cmd=34 -T-G abr=3 col=5d5d5d (229,155)-(256,167)
pt: +5 cmd=34 -T-G abr=3 col=5d5d5d (229,155)-(256,167)
pt: +5 cmd=34 -T-G abr=3 col=5d5d5d (256,155)-(282,167)
pt: +5 cmd=34 -T-G abr=3 col=5d5d5d (256,155)-(282,167)
pt: +5 cmd=36 ST-G abr=1 col=5d5d5d (256,130)-(282,155)
pt: +5 cmd=36 ST-G abr=1 col=5d5d5d (282,130)-(309,155)
pt: +5 cmd=36 ST-G abr=1 col=5d5d5d (282,130)-(309,155)
pt: +5 cmd=34 -T-G abr=3 col=5d5d5d (282,155)-(309,167)
pt: +5 cmd=34 -T-G abr=3 col=5d5d5d (282,155)-(309,167)
pt: +5 cmd=34 -T-G abr=3 col=5d5d5d (336,167)-(362,180)
pt: +5 cmd=34 -T-G abr=3 col=5d5d5d (336,167)-(362,180)
pt: +5 cmd=34 -T-G abr=3 col=5d5d5d (336,155)-(362,167)
pt: +5 cmd=34 -T-G abr=3 col=5d5d5d (336,155)-(362,167)
pt: +5 cmd=34 -T-G abr=3 col=5d5d5d (309,155)-(336,167)
pt: +5 cmd=34 -T-G abr=3 col=5d5d5d (309,155)-(336,167)
pt: +5 cmd=34 -T-G abr=3 col=5d5d5d (309,130)-(336,155)
pt: +5 cmd=34 -T-G abr=3 col=5d5d5d (309,130)-(336,155)
pt: +5 cmd=36 ST-G abr=1 col=5d5d5d (309,104)-(336,130)
pt: +5 cmd=36 ST-G abr=1 col=5d5d5d (309,104)-(336,130)
pt: +5 cmd=36 ST-G abr=1 col=5d5d5d (282,104)-(309,130)
pt: +5 cmd=36 ST-G abr=1 col=5d5d5d (282,104)-(309,130)
pt: +5 cmd=36 ST-G abr=1 col=5d5d5d (282,79)-(309,104)
pt: +5 cmd=36 ST-G abr=1 col=5d5d5d (282,79)-(309,104)
pt: +5 cmd=36 ST-G abr=1 col=5d5d5d (256,79)-(282,104)
pt: +5 cmd=36 ST-G abr=1 col=5d5d5d (256,79)-(282,104)
pt: +5 cmd=36 ST-G abr=1 col=5d5d5d (229,79)-(256,104)
pt: +5 cmd=36 ST-G abr=1 col=5d5d5d (229,79)-(256,104)
pt: +5 cmd=2a S-Q- abr=2 col=333333 (0,0)-(512,240)
pt: +5 cmd=f5 ---- abr=0 col=000000 (0,0)-(0,0)
pt: +6 cmd=f8 ---- abr=0 col=000002 (0,0)-(0,0)
pt: +6 cmd=e3 ---- abr=0 col=003200 (512,12)-(0,0)
pt: +6 cmd=e4 ---- abr=0 col=038fff (1023,227)-(0,0)
pt: +6 cmd=e5 ---- abr=0 col=000000 (512,12)-(0,0)
pt: +6 cmd=02 ---- abr=0 col=000000 (512,12)-(1024,228)
pt: +6 cmd=01 ---- abr=0 col=000000 (0,12)-(512,228)
pt: +6 cmd=34 -T-G abr=3 col=5d5d5d (215,158)-(235,167)
pt: +6 cmd=34 -T-G abr=3 col=5d5d5d (215,158)-(235,167)
pt: +6 cmd=34 -T-G abr=3 col=5d5d5d (235,158)-(256,167)
pt: +6 cmd=34 -T-G abr=3 col=5d5d5d (235,158)-(256,167)
pt: +6 cmd=34 -T-G abr=3 col=5d5d5d (256,158)-(276,167)
pt: +6 cmd=34 -T-G abr=3 col=5d5d5d (256,158)-(276,167)
pt: +6 cmd=34 -T-G abr=3 col=5d5d5d (276,158)-(296,167)
pt: +6 cmd=34 -T-G abr=3 col=5d5d5d (276,158)-(296,167)
pt: +6 cmd=34 -T-G abr=3 col=5d5d5d (296,158)-(316,167)
pt: +6 cmd=34 -T-G abr=3 col=5d5d5d (296,158)-(316,167)
pt: +6 cmd=34 -T-G abr=3 col=5d5d5d (195,149)-(215,158)
pt: +6 cmd=34 -T-G abr=3 col=5d5d5d (175,149)-(195,158)
pt: +6 cmd=34 -T-G abr=3 col=5d5d5d (175,149)-(195,158)
pt: +6 cmd=34 -T-G abr=3 col=5d5d5d (175,158)-(195,167)
pt: +6 cmd=34 -T-G abr=3 col=5d5d5d (175,158)-(195,167)
pt: +6 cmd=34 -T-G abr=3 col=5d5d5d (195,158)-(215,167)
pt: +6 cmd=34 -T-G abr=3 col=5d5d5d (195,158)-(215,167)
pt: +6 cmd=34 -T-G abr=3 col=5d5d5d (195,149)-(215,158)
pt: +6 cmd=36 ST-G abr=1 col=5d5d5d (215,92)-(235,110)
pt: +6 cmd=36 ST-G abr=1 col=5d5d5d (215,92)-(235,110)
pt: +6 cmd=36 ST-G abr=1 col=5d5d5d (215,110)-(235,130)
pt: +6 cmd=36 ST-G abr=1 col=5d5d5d (215,110)-(235,130)
pt: +6 cmd=36 ST-G abr=1 col=5d5d5d (215,130)-(235,149)
pt: +6 cmd=34 -T-G abr=3 col=5d5d5d (195,130)-(215,149)
pt: +6 cmd=34 -T-G abr=3 col=5d5d5d (195,130)-(215,149)
pt: +6 cmd=36 ST-G abr=1 col=5d5d5d (195,110)-(215,130)
pt: +6 cmd=36 ST-G abr=1 col=5d5d5d (195,110)-(215,130)
pt: +6 cmd=36 ST-G abr=1 col=5d5d5d (235,110)-(256,130)
pt: +6 cmd=36 ST-G abr=1 col=5d5d5d (235,110)-(256,130)
pt: +6 cmd=36 ST-G abr=1 col=5d5d5d (256,110)-(276,130)
pt: +6 cmd=36 ST-G abr=1 col=5d5d5d (256,110)-(276,130)
pt: +6 cmd=36 ST-G abr=1 col=5d5d5d (256,130)-(276,149)
pt: +6 cmd=36 ST-G abr=1 col=5d5d5d (235,130)-(256,149)
pt: +6 cmd=36 ST-G abr=1 col=5d5d5d (235,130)-(256,149)
pt: +6 cmd=36 ST-G abr=1 col=5d5d5d (215,130)-(235,149)
pt: +6 cmd=34 -T-G abr=3 col=5d5d5d (215,149)-(235,158)
pt: +6 cmd=34 -T-G abr=3 col=5d5d5d (215,149)-(235,158)
pt: +6 cmd=34 -T-G abr=3 col=5d5d5d (235,149)-(256,158)
pt: +6 cmd=34 -T-G abr=3 col=5d5d5d (235,149)-(256,158)
pt: +6 cmd=34 -T-G abr=3 col=5d5d5d (256,149)-(276,158)
pt: +6 cmd=34 -T-G abr=3 col=5d5d5d (256,149)-(276,158)
pt: +6 cmd=36 ST-G abr=1 col=5d5d5d (256,130)-(276,149)
pt: +6 cmd=36 ST-G abr=1 col=5d5d5d (276,130)-(296,149)
pt: +6 cmd=36 ST-G abr=1 col=5d5d5d (276,130)-(296,149)
pt: +6 cmd=34 -T-G abr=3 col=5d5d5d (276,149)-(296,158)
pt: +6 cmd=34 -T-G abr=3 col=5d5d5d (276,149)-(296,158)
pt: +6 cmd=34 -T-G abr=3 col=5d5d5d (316,158)-(336,167)
pt: +6 cmd=34 -T-G abr=3 col=5d5d5d (316,158)-(336,167)
pt: +6 cmd=34 -T-G abr=3 col=5d5d5d (316,149)-(336,158)
pt: +6 cmd=34 -T-G abr=3 col=5d5d5d (316,149)-(336,158)
pt: +6 cmd=34 -T-G abr=3 col=5d5d5d (296,149)-(316,158)
pt: +6 cmd=34 -T-G abr=3 col=5d5d5d (296,149)-(316,158)
pt: +6 cmd=34 -T-G abr=3 col=5d5d5d (296,130)-(316,149)
pt: +6 cmd=34 -T-G abr=3 col=5d5d5d (296,130)-(316,149)
pt: +6 cmd=36 ST-G abr=1 col=5d5d5d (296,110)-(316,130)
pt: +6 cmd=36 ST-G abr=1 col=5d5d5d (296,110)-(316,130)
pt: +6 cmd=36 ST-G abr=1 col=5d5d5d (276,110)-(296,130)
pt: +6 cmd=36 ST-G abr=1 col=5d5d5d (276,110)-(296,130)
pt: +6 cmd=36 ST-G abr=1 col=5d5d5d (276,92)-(296,110)
pt: +6 cmd=36 ST-G abr=1 col=5d5d5d (276,92)-(296,110)
pt: +6 cmd=36 ST-G abr=1 col=5d5d5d (256,92)-(276,110)
pt: +6 cmd=36 ST-G abr=1 col=5d5d5d (256,92)-(276,110)
pt: +6 cmd=36 ST-G abr=1 col=5d5d5d (235,92)-(256,110)
pt: +6 cmd=36 ST-G abr=1 col=5d5d5d (235,92)-(256,110)
pt: +6 cmd=2a S-Q- abr=2 col=393939 (0,0)-(512,240)
pt: +6 cmd=f5 ---- abr=0 col=000200 (512,0)-(0,0)
pt: +7 cmd=f8 ---- abr=0 col=000002 (0,0)-(0,0)
pt: +7 cmd=e3 ---- abr=0 col=003000 (0,12)-(0,0)
pt: +7 cmd=e4 ---- abr=0 col=038dff (511,227)-(0,0)
pt: +7 cmd=e5 ---- abr=0 col=000000 (0,12)-(0,0)
pt: +7 cmd=02 ---- abr=0 col=000000 (0,12)-(512,228)
pt: +7 cmd=01 ---- abr=0 col=000000 (0,12)-(512,228)
pt: +7 cmd=34 -T-G abr=3 col=5d5d5d (229,148)-(242,155)
pt: +7 cmd=34 -T-G abr=3 col=5d5d5d (229,148)-(242,155)
pt: +7 cmd=34 -T-G abr=3 col=5d5d5d (242,148)-(256,155)
pt: +7 cmd=34 -T-G abr=3 col=5d5d5d (242,148)-(256,155)
pt: +7 cmd=34 -T-G abr=3 col=5d5d5d (256,148)-(269,155)
pt: +7 cmd=34 -T-G abr=3 col=5d5d5d (256,148)-(269,155)
pt: +7 cmd=34 -T-G abr=3 col=5d5d5d (269,148)-(282,155)
pt: +7 cmd=34 -T-G abr=3 col=5d5d5d (269,148)-(282,155)
pt: +7 cmd=34 -T-G abr=3 col=5d5d5d (282,148)-(295,155)
pt: +7 cmd=34 -T-G abr=3 col=5d5d5d (282,148)-(295,155)
pt: +7 cmd=34 -T-G abr=3 col=5d5d5d (216,142)-(229,148)
pt: +7 cmd=34 -T-G abr=3 col=5d5d5d (202,142)-(216,148)
pt: +7 cmd=34 -T-G abr=3 col=5d5d5d (202,142)-(216,148)
pt: +7 cmd=34 -T-G abr=3 col=5d5d5d (202,148)-(216,155)
pt: +7 cmd=34 -T-G abr=3 col=5d5d5d (202,148)-(216,155)
pt: +7 cmd=34 -T-G abr=3 col=5d5d5d (216,148)-(229,155)
pt: +7 cmd=34 -T-G abr=3 col=5d5d5d (216,148)-(229,155)
pt: +7 cmd=34 -T-G abr=3 col=5d5d5d (216,142)-(229,148)
pt: +7 cmd=36 ST-G abr=1 col=5d5d5d (229,104)-(242,117)
pt: +7 cmd=36 ST-G abr=1 col=5d5d5d (229,104)-(242,117)
pt: +7 cmd=36 ST-G abr=1 col=5d5d5d (229,117)-(242,130)
pt: +7 cmd=36 ST-G abr=1 col=5d5d5d (229,117)-(242,130)
pt: +7 cmd=36 ST-G abr=1 col=5d5d5d (229,130)-(242,142)
pt: +7 cmd=34 -T-G abr=3 col=5d5d5d (216,130)-(229,142)
pt: +7 cmd=34 -T-G abr=3 col=5d5d5d (216,130)-(229,142)
pt: +7 cmd=36 ST-G abr=1 col=5d5d5d (216,117)-(229,130)
pt: +7 cmd=36 ST-G abr=1 col=5d5d5d (216,117)-(229,130)
pt: +7 cmd=36 ST-G abr=1 col=5d5d5d (242,117)-(256,130)
pt: +7 cmd=36 ST-G abr=1 col=5d5d5d (242,117)-(256,130)
pt: +7 cmd=36 ST-G abr=1 col=5d5d5d (256,117)-(269,130)
pt: +7 cmd=36 ST-G abr=1 col=5d5d5d (256,117)-(269,130)
pt: +7 cmd=36 ST-G abr=1 col=5d5d5d (256,130)-(269,142)
pt: +7 cmd=36 ST-G abr=1 col=5d5d5d (242,130)-(256,142)
pt: +7 cmd=36 ST-G abr=1 col=5d5d5d (242,130)-(256,142)
pt: +7 cmd=36 ST-G abr=1 col=5d5d5d (229,130)-(242,142)
pt: +7 cmd=34 -T-G abr=3 col=5d5d5d (229,142)-(242,148)
pt: +7 cmd=34 -T-G abr=3 col=5d5d5d (229,142)-(242,148)
pt: +7 cmd=34 -T-G abr=3 col=5d5d5d (242,142)-(256,148)
pt: +7 cmd=34 -T-G abr=3 col=5d5d5d (242,142)-(256,148)
pt: +7 cmd=34 -T-G abr=3 col=5d5d5d (256,142)-(269,148)
pt: +7 cmd=34 -T-G abr=3 col=5d5d5d (256,142)-(269,148)
pt: +7 cmd=36 ST-G abr=1 col=5d5d5d (256,130)-(269,142)
pt: +7 cmd=36 ST-G abr=1 col=5d5d5d (269,130)-(282,142)
pt: +7 cmd=36 ST-G abr=1 col=5d5d5d (269,130)-(282,142)
pt: +7 cmd=34 -T-G abr=3 col=5d5d5d (269,142)-(282,148)
pt: +7 cmd=34 -T-G abr=3 col=5d5d5d (269,142)-(282,148)
pt: +7 cmd=34 -T-G abr=3 col=5d5d5d (295,148)-(309,155)
pt: +7 cmd=34 -T-G abr=3 col=5d5d5d (295,148)-(309,155)
pt: +7 cmd=34 -T-G abr=3 col=5d5d5d (295,142)-(309,148)
pt: +7 cmd=34 -T-G abr=3 col=5d5d5d (295,142)-(309,148)
pt: +7 cmd=34 -T-G abr=3 col=5d5d5d (282,142)-(295,148)
pt: +7 cmd=34 -T-G abr=3 col=5d5d5d (282,142)-(295,148)
pt: +7 cmd=34 -T-G abr=3 col=5d5d5d (282,130)-(295,142)
pt: +7 cmd=34 -T-G abr=3 col=5d5d5d (282,130)-(295,142)
pt: +7 cmd=36 ST-G abr=1 col=5d5d5d (282,117)-(295,130)
pt: +7 cmd=36 ST-G abr=1 col=5d5d5d (282,117)-(295,130)
pt: +7 cmd=36 ST-G abr=1 col=5d5d5d (269,117)-(282,130)
pt: +7 cmd=36 ST-G abr=1 col=5d5d5d (269,117)-(282,130)
pt: +7 cmd=36 ST-G abr=1 col=5d5d5d (269,104)-(282,117)
pt: +7 cmd=36 ST-G abr=1 col=5d5d5d (269,104)-(282,117)
pt: +7 cmd=36 ST-G abr=1 col=5d5d5d (256,104)-(269,117)
pt: +7 cmd=36 ST-G abr=1 col=5d5d5d (256,104)-(269,117)
pt: +7 cmd=36 ST-G abr=1 col=5d5d5d (242,104)-(256,117)
pt: +7 cmd=36 ST-G abr=1 col=5d5d5d (242,104)-(256,117)
pt: +7 cmd=2a S-Q- abr=2 col=404040 (0,0)-(512,240)
pt: +7 cmd=f5 ---- abr=0 col=000000 (0,0)-(0,0)
pt: +8 cmd=f8 ---- abr=0 col=000002 (0,0)-(0,0)
pt: +8 cmd=e3 ---- abr=0 col=003200 (512,12)-(0,0)
pt: +8 cmd=e4 ---- abr=0 col=038fff (1023,227)-(0,0)
pt: +8 cmd=e5 ---- abr=0 col=000000 (512,12)-(0,0)
pt: +8 cmd=02 ---- abr=0 col=000000 (512,12)-(1024,228)
pt: +8 cmd=01 ---- abr=0 col=000000 (0,12)-(512,228)
pt: +8 cmd=34 -T-G abr=3 col=5d5d5d (242,139)-(249,142)
pt: +8 cmd=34 -T-G abr=3 col=5d5d5d (242,139)-(249,142)
pt: +8 cmd=34 -T-G abr=3 col=5d5d5d (249,139)-(256,142)
pt: +8 cmd=34 -T-G abr=3 col=5d5d5d (249,139)-(256,142)
pt: +8 cmd=34 -T-G abr=3 col=5d5d5d (256,139)-(262,142)
pt: +8 cmd=34 -T-G abr=3 col=5d5d5d (256,139)-(262,142)
pt: +8 cmd=34 -T-G abr=3 col=5d5d5d (262,139)-(269,142)
pt: +8 cmd=34 -T-G abr=3 col=5d5d5d (262,139)-(269,142)
pt: +8 cmd=34 -T-G abr=3 col=5d5d5d (269,139)-(275,142)
pt: +8 cmd=34 -T-G abr=3 col=5d5d5d (269,139)-(275,142)
pt: +8 cmd=34 -T-G abr=3 col=5d5d5d (236,136)-(242,139)
pt: +8 cmd=34 -T-G abr=3 col=5d5d5d (229,136)-(236,139)
pt: +8 cmd=34 -T-G abr=3 col=5d5d5d (229,136)-(236,139)
pt: +8 cmd=34 -T-G abr=3 col=5d5d5d (229,139)-(236,142)
pt: +8 cmd=34 -T-G abr=3 col=5d5d5d (229,139)-(236,142)
pt: +8 cmd=34 -T-G abr=3 col=5d5d5d (236,139)-(242,142)
pt: +8 cmd=34 -T-G abr=3 col=5d5d5d (236,139)-(242,142)
pt: +8 cmd=34 -T-G abr=3 col=5d5d5d (236,136)-(242,139)
pt: +8 cmd=36 ST-G abr=1 col=5d5d5d (242,117)-(249,123)
pt: +8 cmd=36 ST-G abr=1 col=5d5d5d (242,117)-(249,123)
pt: +8 cmd=36 ST-G abr=1 col=5d5d5d (242,123)-(249,130)
pt: +8 cmd=36 ST-G abr=1 col=5d5d5d (242,123)-(249,130)
pt: +8 cmd=36 ST-G abr=1 col=5d5d5d (242,130)-(249,136)
pt: +8 cmd=34 -T-G abr=3 col=5d5d5d (236,130)-(242,136)
pt: +8 cmd=34 -T-G abr=3 col=5d5d5d (236,130)-(242,136)
pt: +8 cmd=36 ST-G abr=1 col=5d5d5d (236,123)-(242,130)
pt: +8 cmd=36 ST-G abr=1 col=5d5d5d (236,123)-(242,130)
pt: +8 cmd=36 ST-G abr=1 col=5d5d5d (249,123)-(256,130)
pt: +8 cmd=36 ST-G abr=1 col=5d5d5d (249,123)-(256,130)
pt: +8 cmd=36 ST-G abr=1 col=5d5d5d (256,123)-(262,130)
pt: +8 cmd=36 ST-G abr=1 col=5d5d5d (256,123)-(262,130)
pt: +8 cmd=36 ST-G abr=1 col=5d5d5d (256,130)-(262,136)
pt: +8 cmd=36 ST-G abr=1 col=5d5d5d (249,130)-(256,136)
pt: +8 cmd=36 ST-G abr=1 col=5d5d5d (249,130)-(256,136)
pt: +8 cmd=36 ST-G abr=1 col=5d5d5d (242,130)-(249,136)
pt: +8 cmd=34 -T-G abr=3 col=5d5d5d (242,136)-(249,139)
pt: +8 cmd=34 -T-G abr=3 col=5d5d5d (242,136)-(249,139)
pt: +8 cmd=34 -T-G abr=3 col=5d5d5d (249,136)-(256,139)
pt: +8 cmd=34 -T-G abr=3 col=5d5d5d (249,136)-(256,139)
pt: +8 cmd=34 -T-G abr=3 col=5d5d5d (256,136)-(262,139)
pt: +8 cmd=34 -T-G abr=3 col=5d5d5d (256,136)-(262,139)
pt: +8 cmd=36 ST-G abr=1 col=5d5d5d (256,130)-(262,136)
pt: +8 cmd=36 ST-G abr=1 col=5d5d5d (262,130)-(269,136)
pt: +8 cmd=36 ST-G abr=1 col=5d5d5d (262,130)-(269,136)
pt: +8 cmd=34 -T-G abr=3 col=5d5d5d (262,136)-(269,139)
pt: +8 cmd=34 -T-G abr=3 col=5d5d5d (262,136)-(269,139)
pt: +8 cmd=34 -T-G abr=3 col=5d5d5d (275,139)-(282,142)
pt: +8 cmd=34 -T-G abr=3 col=5d5d5d (275,139)-(282,142)
pt: +8 cmd=34 -T-G abr=3 col=5d5d5d (275,136)-(282,139)
pt: +8 cmd=34 -T-G abr=3 col=5d5d5d (275,136)-(282,139)
pt: +8 cmd=34 -T-G abr=3 col=5d5d5d (269,136)-(275,139)
pt: +8 cmd=34 -T-G abr=3 col=5d5d5d (269,136)-(275,139)
pt: +8 cmd=34 -T-G abr=3 col=5d5d5d (269,130)-(275,136)
pt: +8 cmd=34 -T-G abr=3 col=5d5d5d (269,130)-(275,136)
pt: +8 cmd=36 ST-G abr=1 col=5d5d5d (269,123)-(275,130)
pt: +8 cmd=36 ST-G abr=1 col=5d5d5d (269,123)-(275,130)
pt: +8 cmd=36 ST-G abr=1 col=5d5d5d (262,123)-(269,130)
pt: +8 cmd=36 ST-G abr=1 col=5d5d5d (262,123)-(269,130)
pt: +8 cmd=36 ST-G abr=1 col=5d5d5d (262,117)-(269,123)
pt: +8 cmd=36 ST-G abr=1 col=5d5d5d (262,117)-(269,123)
pt: +8 cmd=36 ST-G abr=1 col=5d5d5d (256,117)-(262,123)
pt: +8 cmd=36 ST-G abr=1 col=5d5d5d (256,117)-(262,123)
pt: +8 cmd=36 ST-G abr=1 col=5d5d5d (249,117)-(256,123)
pt: +8 cmd=36 ST-G abr=1 col=5d5d5d (249,117)-(256,123)
pt: +8 cmd=2a S-Q- abr=2 col=464646 (0,0)-(512,240)
pt: +8 cmd=f5 ---- abr=0 col=000200 (512,0)-(0,0)
pt: +9 cmd=f8 ---- abr=0 col=000002 (0,0)-(0,0)
pt: +9 cmd=e3 ---- abr=0 col=003000 (0,12)-(0,0)
pt: +9 cmd=e4 ---- abr=0 col=038dff (511,227)-(0,0)
pt: +9 cmd=e5 ---- abr=0 col=000000 (0,12)-(0,0)
pt: +9 cmd=02 ---- abr=0 col=000000 (0,12)-(512,228)
pt: +9 cmd=01 ---- abr=0 col=000000 (0,12)-(512,228)
pt: +9 cmd=2a S-Q- abr=2 col=4d4d4d (0,0)-(512,240)
pt: +9 cmd=f5 ---- abr=0 col=000000 (0,0)-(0,0)
pt: +10 cmd=f8 ---- abr=0 col=000002 (0,0)-(0,0)
pt: +10 cmd=e3 ---- abr=0 col=003200 (512,12)-(0,0)
pt: +10 cmd=e4 ---- abr=0 col=038fff (1023,227)-(0,0)
pt: +10 cmd=e5 ---- abr=0 col=000000 (512,12)-(0,0)
pt: +10 cmd=02 ---- abr=0 col=000000 (512,12)-(1024,228)
pt: +10 cmd=01 ---- abr=0 col=000000 (0,12)-(512,228)
pt: +10 cmd=2a S-Q- abr=2 col=545454 (0,0)-(512,240)
pt: +10 cmd=f5 ---- abr=0 col=000200 (512,0)-(0,0)
pt: +11 cmd=f8 ---- abr=0 col=000002 (0,0)-(0,0)
pt: +11 cmd=e3 ---- abr=0 col=003000 (0,12)-(0,0)
pt: +11 cmd=e4 ---- abr=0 col=038dff (511,227)-(0,0)
pt: +11 cmd=e5 ---- abr=0 col=000000 (0,12)-(0,0)
pt: +11 cmd=02 ---- abr=0 col=000000 (0,12)-(512,228)
pt: +11 cmd=01 ---- abr=0 col=000000 (0,12)-(512,228)
pt: +11 cmd=30 ---G abr=0 col=120002 (141,215)-(256,276)
pt: +11 cmd=30 ---G abr=0 col=3b002f (141,215)-(256,276)
pt: +11 cmd=30 ---G abr=0 col=261654 (6,223)-(141,307)
pt: +11 cmd=30 ---G abr=0 col=400009 (-22,223)-(141,307)
pt: +11 cmd=30 ---G abr=0 col=240005 (-25,187)-(140,257)
pt: +11 cmd=30 ---G abr=0 col=3b002f (-22,187)-(141,257)
pt: +11 cmd=30 ---G abr=0 col=240005 (140,182)-(256,223)
pt: +11 cmd=30 ---G abr=0 col=120002 (141,182)-(256,223)
pt: +11 cmd=30 ---G abr=0 col=120002 (256,182)-(370,215)
pt: +11 cmd=30 ---G abr=0 col=120002 (256,187)-(370,223)
pt: +11 cmd=30 ---G abr=0 col=6e0010 (256,215)-(369,265)
pt: +11 cmd=30 ---G abr=0 col=120002 (256,223)-(369,276)
pt: +11 cmd=30 ---G abr=0 col=120002 (368,223)-(531,276)
pt: +11 cmd=30 ---G abr=0 col=400030 (369,210)-(535,257)
pt: +11 cmd=30 ---G abr=0 col=240005 (369,187)-(535,223)
pt: +11 cmd=30 ---G abr=0 col=240005 (370,173)-(537,210)
pt: +11 cmd=30 ---G abr=0 col=2e0007 (370,158)-(537,187)
pt: +11 cmd=30 ---G abr=0 col=240005 (256,158)-(373,187)
pt: +11 cmd=30 ---G abr=0 col=49000b (256,154)-(373,182)
pt: +11 cmd=30 ---G abr=0 col=240005 (140,154)-(256,187)
pt: +11 cmd=30 ---G abr=0 col=490031 (137,154)-(256,187)
pt: +11 cmd=30 ---G abr=0 col=3c0b30 (-25,158)-(140,210)
pt: +11 cmd=30 ---G abr=0 col=3c0b30 (-27,158)-(137,210)
pt: +11 cmd=30 ---G abr=0 col=400030 (-30,133)-(136,173)
pt: +11 cmd=30 ---G abr=0 col=490031 (-27,133)-(137,173)
pt: +11 cmd=30 ---G abr=0 col=6e0010 (136,131)-(256,158)
pt: +11 cmd=30 ---G abr=0 col=49000b (137,131)-(256,158)
pt: +11 cmd=30 ---G abr=0 col=400009 (256,131)-(374,154)
pt: +11 cmd=30 ---G abr=0 col=2e0007 (256,133)-(374,158)
pt: +11 cmd=30 ---G abr=0 col=6e0010 (373,133)-(540,158)
pt: +11 cmd=30 ---G abr=0 col=3d0025 (373,140)-(540,173)
pt: +11 cmd=30 ---G abr=0 col=400009 (374,109)-(542,140)
pt: +11 cmd=30 ---G abr=0 col=400030 (374,109)-(542,133)
pt: +11 cmd=30 ---G abr=0 col=6e0010 (256,110)-(375,133)
pt: +11 cmd=30 ---G abr=0 col=400030 (256,110)-(375,131)
pt: +11 cmd=30 ---G abr=0 col=400030 (136,110)-(256,133)
pt: +11 cmd=30 ---G abr=0 col=930016 (135,110)-(256,133)
pt: +11 cmd=30 ---G abr=0 col=400009 (-30,110)-(136,140)
pt: +11 cmd=30 ---G abr=0 col=49000b (-32,109)-(135,140)
pt: +11 cmd=30 ---G abr=0 col=240005 (376,-52)-(559,28)
pt: +11 cmd=30 ---G abr=0 col=3b002f (376,-52)-(559,28)
pt: +11 cmd=30 ---G abr=0 col=240005 (256,-12)-(376,35)
pt: +11 cmd=30 ---G abr=0 col=120002 (256,-12)-(376,35)
pt: +11 cmd=30 ---G abr=0 col=120002 (134,-3)-(256,35)
pt: +11 cmd=30 ---G abr=0 col=120002 (133,-12)-(256,28)
pt: +11 cmd=30 ---G abr=0 col=240005 (-44,-12)-(134,28)
pt: +11 cmd=30 ---G abr=0 col=240005 (-44,3)-(134,44)
pt: +11 cmd=30 ---G abr=0 col=2e0007 (-38,28)-(134,60)
pt: +11 cmd=30 ---G abr=0 col=240005 (134,28)-(256,60)
pt: +11 cmd=30 ---G abr=0 col=49000b (134,35)-(256,65)
pt: +11 cmd=2a S-Q- abr=2 col=b9b9b9 (0,0)-(512,240)
pt: +11 cmd=f5 ---- abr=0 col=000000 (0,0)-(0,0)
pt: +12 cmd=f8 ---- abr=0 col=000002 (0,0)-(0,0)
pt: +12 cmd=e3 ---- abr=0 col=003200 (512,12)-(0,0)
pt: +12 cmd=e4 ---- abr=0 col=038fff (1023,227)-(0,0)
pt: +12 cmd=e5 ---- abr=0 col=000000 (512,12)-(0,0)
pt: +12 cmd=02 ---- abr=0 col=000000 (512,12)-(1024,228)
pt: +12 cmd=01 ---- abr=0 col=000000 (0,12)-(512,228)
pt: +12 cmd=36 ST-G abr=1 col=001700 (246,123)-(263,155)
pt: +12 cmd=36 ST-G abr=1 col=001700 (260,124)-(280,155)
pt: +12 cmd=36 ST-G abr=1 col=2f5d2f (250,124)-(263,155)
pt: +12 cmd=36 ST-G abr=1 col=001700 (229,123)-(246,156)
pt: +12 cmd=36 ST-G abr=1 col=2f5d2f (239,123)-(250,156)
pt: +12 cmd=36 ST-G abr=1 col=001700 (271,126)-(295,156)
pt: +12 cmd=36 ST-G abr=1 col=2f5d2f (260,127)-(280,156)
pt: +12 cmd=36 ST-G abr=1 col=2f5d2f (229,125)-(239,157)
pt: +12 cmd=36 ST-G abr=1 col=001700 (214,125)-(231,157)
pt: +12 cmd=36 ST-G abr=1 col=2f5d2f (271,126)-(295,157)
pt: +12 cmd=36 ST-G abr=1 col=001700 (278,124)-(306,157)
pt: +12 cmd=36 ST-G abr=1 col=2f5d2f (214,125)-(231,159)
pt: +12 cmd=36 ST-G abr=1 col=001700 (204,125)-(227,159)
pt: +12 cmd=36 ST-G abr=1 col=2f5d2f (278,124)-(306,159)
pt: +12 cmd=36 ST-G abr=1 col=2f5d2f (204,126)-(227,161)
pt: +12 cmd=36 ST-G abr=1 col=001700 (284,124)-(310,159)
pt: +12 cmd=36 ST-G abr=1 col=002c00 (355,46)-(409,67)
pt: +12 cmd=36 ST-G abr=1 col=001700 (201,126)-(226,161)
pt: +12 cmd=36 ST-G abr=1 col=2f5d2f (284,126)-(310,161)
pt: +12 cmd=36 ST-G abr=1 col=005400 (224,137)-(228,161)
pt: +12 cmd=36 ST-G abr=1 col=005d00 (227,138)-(231,162)
pt: +12 cmd=36 ST-G abr=1 col=005d00 (278,137)-(286,163)
pt: +12 cmd=36 ST-G abr=1 col=004900 (213,113)-(224,137)
pt: +12 cmd=36 ST-G abr=1 col=005400 (281,113)-(297,138)
pt: +12 cmd=36 ST-G abr=1 col=005400 (217,113)-(227,138)
pt: +12 cmd=36 ST-G abr=1 col=005400 (278,137)-(286,163)
pt: +12 cmd=36 ST-G abr=1 col=003d00 (190,87)-(213,113)
pt: +12 cmd=36 ST-G abr=1 col=004900 (281,113)-(297,138)
pt: +12 cmd=36 ST-G abr=1 col=005400 (227,138)-(236,162)
pt: +12 cmd=36 ST-G abr=1 col=005d00 (231,139)-(238,164)
pt: +12 cmd=36 ST-G abr=1 col=005d00 (271,138)-(281,164)
pt: +12 cmd=36 ST-G abr=1 col=2f5d2f (276,140)-(307,164)
pt: +12 cmd=36 ST-G abr=1 col=004900 (193,87)-(217,113)
pt: +12 cmd=36 ST-G abr=1 col=004900 (291,88)-(322,113)
pt: +12 cmd=36 ST-G abr=1 col=005400 (271,138)-(281,164)
pt: +12 cmd=36 ST-G abr=1 col=001700 (201,137)-(227,161)
pt: +12 cmd=36 ST-G abr=1 col=2f5d2f (209,137)-(231,163)
pt: +12 cmd=36 ST-G abr=1 col=000000 (370,29)-(445,61)
pt: +12 cmd=36 ST-G abr=1 col=004900 (217,113)-(228,138)
pt: +12 cmd=36 ST-G abr=1 col=005400 (227,113)-(236,139)
pt: +12 cmd=36 ST-G abr=1 col=005400 (272,113)-(291,139)
pt: +12 cmd=36 ST-G abr=1 col=005400 (236,139)-(247,164)
pt: +12 cmd=36 ST-G abr=1 col=005d00 (238,140)-(248,165)
pt: +12 cmd=36 ST-G abr=1 col=005d00 (260,139)-(272,165)
pt: +12 cmd=36 ST-G abr=1 col=005400 (247,140)-(260,165)
pt: +12 cmd=36 ST-G abr=1 col=005d00 (248,140)-(260,165)
pt: +12 cmd=36 ST-G abr=1 col=005400 (260,139)-(272,165)
pt: +12 cmd=36 ST-G abr=1 col=002c00 (143,55)-(190,89)
pt: +12 cmd=36 ST-G abr=1 col=003d00 (291,86)-(322,113)
pt: +12 cmd=36 ST-G abr=1 col=004900 (272,113)-(291,139)
pt: +12 cmd=36 ST-G abr=1 col=2f5d2f (226,136)-(240,165)
pt: +12 cmd=36 ST-G abr=1 col=2f5d2f (265,141)-(296,165)
pt: +12 cmd=36 ST-G abr=1 col=001700 (276,140)-(307,164)
pt: +12 cmd=36 ST-G abr=1 col=003d00 (316,61)-(370,88)
pt: +12 cmd=36 ST-G abr=1 col=004900 (228,113)-(243,139)
pt: +12 cmd=36 ST-G abr=1 col=005400 (236,114)-(247,140)
pt: +12 cmd=36 ST-G abr=1 col=005400 (247,114)-(261,140)
pt: +12 cmd=36 ST-G abr=1 col=005400 (260,113)-(279,140)
pt: +12 cmd=36 ST-G abr=1 col=001700 (209,136)-(231,163)
pt: +12 cmd=36 ST-G abr=1 col=003d00 (143,55)-(193,89)
pt: +12 cmd=36 ST-G abr=1 col=004900 (208,85)-(228,113)
pt: +12 cmd=36 ST-G abr=1 col=004900 (279,86)-(316,113)
pt: +12 cmd=36 ST-G abr=1 col=004900 (260,113)-(279,140)
pt: +12 cmd=36 ST-G abr=1 col=2f5d2f (240,140)-(253,166)
pt: +12 cmd=36 ST-G abr=1 col=2f5d2f (253,138)-(276,166)
pt: +12 cmd=36 ST-G abr=1 col=003d00 (193,85)-(217,113)
pt: +12 cmd=36 ST-G abr=1 col=004900 (243,114)-(261,140)
pt: +12 cmd=36 ST-G abr=1 col=001700 (265,138)-(296,165)
pt: +12 cmd=36 ST-G abr=1 col=001700 (226,136)-(249,165)
pt: +12 cmd=36 ST-G abr=1 col=003d00 (279,85)-(316,113)
pt: +12 cmd=36 ST-G abr=1 col=001700 (249,138)-(276,166)
pt: +12 cmd=36 ST-G abr=1 col=000000 (51,12)-(145,63)
pt: +12 cmd=36 ST-G abr=1 col=002c00 (316,52)-(370,86)
pt: +12 cmd=36 ST-G abr=1 col=004900 (228,84)-(243,114)
pt: +12 cmd=36 ST-G abr=1 col=004900 (261,85)-(296,114)
pt: +12 cmd=36 ST-G abr=1 col=002c00 (365,29)-(445,61)
pt: +12 cmd=36 ST-G abr=1 col=003d00 (208,84)-(234,113)
pt: +12 cmd=36 ST-G abr=1 col=004900 (243,84)-(267,114)
pt: +12 cmd=36 ST-G abr=1 col=002c00 (51,12)-(145,63)
pt: +12 cmd=36 ST-G abr=1 col=003d00 (296,52)-(365,86)
pt: +12 cmd=36 ST-G abr=1 col=003d00 (234,84)-(267,114)
pt: +12 cmd=36 ST-G abr=1 col=003d00 (261,84)-(296,114)
pt: +12 cmd=36 ST-G abr=1 col=002c00 (143,47)-(193,87)
pt: +12 cmd=36 ST-G abr=1 col=003d00 (165,47)-(208,87)
pt: +12 cmd=36 ST-G abr=1 col=000000 (365,3)-(461,52)
pt: +12 cmd=36 ST-G abr=1 col=003d00 (208,40)-(234,85)
pt: +12 cmd=36 ST-G abr=1 col=003d00 (267,45)-(334,85)
pt: +12 cmd=36 ST-G abr=1 col=002c00 (296,45)-(365,85)
pt: +12 cmd=36 ST-G abr=1 col=003d00 (234,40)-(278,84)
pt: +12 cmd=36 ST-G abr=1 col=002c00 (165,40)-(213,85)
pt: +12 cmd=36 ST-G abr=1 col=002c00 (334,3)-(461,52)
pt: +12 cmd=36 ST-G abr=1 col=002c00 (267,40)-(334,84)
pt: +12 cmd=36 ST-G abr=1 col=002c00 (213,40)-(278,84)
pt: +12 cmd=36 ST-G abr=1 col=000000 (51,-19)-(143,55)
pt: +12 cmd=36 ST-G abr=1 col=002c00 (67,-19)-(165,55)
pt: +12 cmd=36 ST-G abr=1 col=002c00 (278,-29)-(425,45)
pt: +12 cmd=36 ST-G abr=1 col=000000 (334,-29)-(461,45)
pt: +12 cmd=36 ST-G abr=1 col=002c00 (159,-48)-(213,47)
pt: +12 cmd=36 ST-G abr=1 col=000000 (67,-48)-(165,47)
pt: +12 cmd=36 ST-G abr=1 col=002c00 (213,-53)-(308,40)
pt: +12 cmd=36 ST-G abr=1 col=000000 (278,-53)-(425,40)
pt: +12 cmd=36 ST-G abr=1 col=000000 (159,-53)-(308,40)
pt: +12 cmd=2a S-Q- abr=2 col=787878 (0,0)-(512,240)
pt: +12 cmd=f5 ---- abr=0 col=000200 (512,0)-(0,0)
pt: +13 cmd=f8 ---- abr=0 col=000002 (0,0)-(0,0)
pt: +13 cmd=e3 ---- abr=0 col=003000 (0,12)-(0,0)
pt: +13 cmd=e4 ---- abr=0 col=038dff (511,227)-(0,0)
pt: +13 cmd=e5 ---- abr=0 col=000000 (0,12)-(0,0)
pt: +13 cmd=02 ---- abr=0 col=000000 (0,12)-(512,228)
pt: +13 cmd=01 ---- abr=0 col=000000 (0,12)-(512,228)
pt: +13 cmd=36 ST-G abr=1 col=001700 (258,125)-(276,155)
pt: +13 cmd=36 ST-G abr=1 col=001700 (241,124)-(259,155)
pt: +13 cmd=36 ST-G abr=1 col=2f5d2f (247,125)-(259,155)
pt: +13 cmd=36 ST-G abr=1 col=001700 (268,124)-(292,156)
pt: +13 cmd=36 ST-G abr=1 col=2f5d2f (258,126)-(276,156)
pt: +13 cmd=36 ST-G abr=1 col=001700 (225,124)-(241,156)
pt: +13 cmd=36 ST-G abr=1 col=2f5d2f (237,124)-(247,156)
pt: +13 cmd=36 ST-G abr=1 col=2f5d2f (268,124)-(292,157)
pt: +13 cmd=36 ST-G abr=1 col=2f5d2f (225,124)-(237,157)
pt: +13 cmd=36 ST-G abr=1 col=001700 (276,124)-(304,157)
pt: +13 cmd=36 ST-G abr=1 col=001700 (212,124)-(230,157)
pt: +13 cmd=36 ST-G abr=1 col=2f5d2f (276,124)-(304,158)
pt: +13 cmd=36 ST-G abr=1 col=2f5d2f (212,125)-(230,159)
pt: +13 cmd=36 ST-G abr=1 col=001700 (203,125)-(226,159)
pt: +13 cmd=36 ST-G abr=1 col=001700 (283,124)-(310,158)
pt: +13 cmd=36 ST-G abr=1 col=2f5d2f (203,126)-(226,161)
pt: +13 cmd=36 ST-G abr=1 col=2f5d2f (283,127)-(310,160)
pt: +13 cmd=36 ST-G abr=1 col=005400 (285,113)-(296,137)
pt: +13 cmd=36 ST-G abr=1 col=005400 (225,137)-(229,160)
pt: +13 cmd=36 ST-G abr=1 col=005400 (282,136)-(286,161)
pt: +13 cmd=36 ST-G abr=1 col=2f5d2f (284,133)-(310,162)
pt: +13 cmd=36 ST-G abr=1 col=003d00 (319,66)-(358,90)
pt: +13 cmd=36 ST-G abr=1 col=004900 (214,113)-(225,137)
pt: +13 cmd=36 ST-G abr=1 col=005d00 (227,138)-(230,162)
pt: +13 cmd=36 ST-G abr=1 col=001700 (202,126)-(226,161)
pt: +13 cmd=36 ST-G abr=1 col=002c00 (358,43)-(416,66)
pt: +13 cmd=36 ST-G abr=1 col=005400 (216,113)-(227,138)
pt: +13 cmd=36 ST-G abr=1 col=005d00 (277,137)-(285,163)
pt: +13 cmd=36 ST-G abr=1 col=003d00 (190,87)-(214,113)
pt: +13 cmd=36 ST-G abr=1 col=005400 (280,113)-(297,139)
pt: +13 cmd=36 ST-G abr=1 col=005400 (227,138)-(234,162)
pt: +13 cmd=36 ST-G abr=1 col=005400 (277,137)-(285,163)
pt: +13 cmd=36 ST-G abr=1 col=004900 (191,87)-(216,113)
pt: +13 cmd=36 ST-G abr=1 col=005d00 (230,139)-(236,164)
pt: +13 cmd=36 ST-G abr=1 col=2f5d2f (277,137)-(308,164)
pt: +13 cmd=36 ST-G abr=1 col=004900 (216,113)-(227,138)
pt: +13 cmd=36 ST-G abr=1 col=004900 (280,113)-(297,139)
pt: +13 cmd=36 ST-G abr=1 col=005d00 (269,139)-(280,164)
pt: +13 cmd=36 ST-G abr=1 col=001700 (201,136)-(226,162)
pt: +13 cmd=36 ST-G abr=1 col=2f5d2f (211,136)-(232,164)
pt: +13 cmd=36 ST-G abr=1 col=002c00 (142,56)-(190,89)
pt: +13 cmd=36 ST-G abr=1 col=004900 (290,88)-(321,113)
pt: +13 cmd=36 ST-G abr=1 col=005400 (225,113)-(234,139)
pt: +13 cmd=36 ST-G abr=1 col=005400 (234,139)-(245,164)
pt: +13 cmd=36 ST-G abr=1 col=005d00 (236,140)-(246,165)
pt: +13 cmd=36 ST-G abr=1 col=005d00 (258,139)-(270,165)
pt: +13 cmd=36 ST-G abr=1 col=005400 (269,139)-(280,164)
pt: +13 cmd=36 ST-G abr=1 col=005400 (270,113)-(290,139)
pt: +13 cmd=36 ST-G abr=1 col=005400 (245,140)-(258,165)
pt: +13 cmd=36 ST-G abr=1 col=005d00 (246,140)-(258,165)
pt: +13 cmd=36 ST-G abr=1 col=005400 (258,139)-(270,165)
pt: +13 cmd=36 ST-G abr=1 col=001700 (277,137)-(308,164)
pt: +13 cmd=36 ST-G abr=1 col=003d00 (142,56)-(191,89)
pt: +13 cmd=36 ST-G abr=1 col=005400 (234,113)-(245,140)
pt: +13 cmd=36 ST-G abr=1 col=2f5d2f (228,138)-(241,165)
pt: +13 cmd=36 ST-G abr=1 col=2f5d2f (267,141)-(298,165)
pt: +13 cmd=36 ST-G abr=1 col=000000 (370,25)-(450,59)
pt: +13 cmd=36 ST-G abr=1 col=003d00 (290,86)-(321,113)
pt: +13 cmd=36 ST-G abr=1 col=004900 (225,113)-(241,139)
pt: +13 cmd=36 ST-G abr=1 col=005400 (245,113)-(258,140)
pt: +13 cmd=36 ST-G abr=1 col=005400 (258,113)-(276,140)
pt: +13 cmd=36 ST-G abr=1 col=004900 (270,113)-(290,139)
pt: +13 cmd=36 ST-G abr=1 col=000000 (53,16)-(147,64)
pt: +13 cmd=36 ST-G abr=1 col=003d00 (313,59)-(370,88)
pt: +13 cmd=36 ST-G abr=1 col=003d00 (191,85)-(216,113)
pt: +13 cmd=36 ST-G abr=1 col=004900 (205,85)-(225,113)
pt: +13 cmd=36 ST-G abr=1 col=001700 (211,136)-(232,164)
pt: +13 cmd=36 ST-G abr=1 col=2f5d2f (241,139)-(254,166)
pt: +13 cmd=36 ST-G abr=1 col=2f5d2f (254,140)-(278,166)
pt: +13 cmd=36 ST-G abr=1 col=004900 (276,86)-(313,113)
pt: +13 cmd=36 ST-G abr=1 col=004900 (241,113)-(258,140)
pt: +13 cmd=36 ST-G abr=1 col=004900 (258,113)-(276,140)
pt: +13 cmd=36 ST-G abr=1 col=001700 (267,140)-(298,165)
pt: +13 cmd=36 ST-G abr=1 col=001700 (228,138)-(252,165)
pt: +13 cmd=36 ST-G abr=1 col=004900 (225,84)-(241,113)
pt: +13 cmd=36 ST-G abr=1 col=001700 (252,139)-(278,166)
pt: +13 cmd=36 ST-G abr=1 col=002c00 (53,16)-(147,64)
pt: +13 cmd=36 ST-G abr=1 col=004900 (258,84)-(291,113)
pt: +13 cmd=36 ST-G abr=1 col=003d00 (276,84)-(313,113)
pt: +13 cmd=36 ST-G abr=1 col=003d00 (205,84)-(229,113)
pt: +13 cmd=36 ST-G abr=1 col=004900 (241,84)-(261,113)
pt: +13 cmd=36 ST-G abr=1 col=002c00 (313,51)-(370,86)
pt: +13 cmd=36 ST-G abr=1 col=002c00 (361,25)-(450,59)
pt: +13 cmd=36 ST-G abr=1 col=002c00 (142,48)-(191,87)
pt: +13 cmd=36 ST-G abr=1 col=003d00 (159,48)-(205,87)
pt: +13 cmd=36 ST-G abr=1 col=003d00 (229,84)-(261,113)
pt: +13 cmd=36 ST-G abr=1 col=003d00 (258,84)-(291,113)
pt: +13 cmd=36 ST-G abr=1 col=003d00 (291,51)-(361,86)
pt: +13 cmd=36 ST-G abr=1 col=003d00 (203,41)-(229,85)
pt: +13 cmd=36 ST-G abr=1 col=003d00 (261,43)-(326,84)
pt: +13 cmd=36 ST-G abr=1 col=002c00 (291,43)-(361,84)
pt: +13 cmd=36 ST-G abr=1 col=002c00 (159,41)-(205,85)
pt: +13 cmd=36 ST-G abr=1 col=003d00 (229,39)-(267,84)
pt: +13 cmd=36 ST-G abr=1 col=000000 (361,-2)-(458,51)
pt: +13 cmd=36 ST-G abr=1 col=000000 (53,-13)-(142,56)
pt: +13 cmd=36 ST-G abr=1 col=002c00 (61,-13)-(159,56)
pt: +13 cmd=36 ST-G abr=1 col=002c00 (203,39)-(267,84)
pt: +13 cmd=36 ST-G abr=1 col=002c00 (261,39)-(326,84)
pt: +13 cmd=36 ST-G abr=1 col=002c00 (326,-2)-(458,51)
pt: +13 cmd=36 ST-G abr=1 col=002c00 (137,-44)-(203,48)
pt: +13 cmd=36 ST-G abr=1 col=002c00 (267,-35)-(410,43)
pt: +13 cmd=36 ST-G abr=1 col=000000 (326,-35)-(458,43)
pt: +13 cmd=36 ST-G abr=1 col=000000 (61,-44)-(159,48)
pt: +13 cmd=36 ST-G abr=1 col=002c00 (203,-55)-(280,41)
pt: +13 cmd=36 ST-G abr=1 col=000000 (137,-55)-(280,41)
pt: +13 cmd=36 ST-G abr=1 col=000000 (267,-55)-(410,39)
pt: +13 cmd=2a S-Q- abr=2 col=404040 (0,0)-(512,240)
pt: +13 cmd=f5 ---- abr=0 col=000000 (0,0)-(0,0)
pt: +14 cmd=f8 ---- abr=0 col=000002 (0,0)-(0,0)
pt: +14 cmd=e3 ---- abr=0 col=003200 (512,12)-(0,0)
pt: +14 cmd=e4 ---- abr=0 col=038fff (1023,227)-(0,0)
pt: +14 cmd=e5 ---- abr=0 col=000000 (512,12)-(0,0)
pt: +14 cmd=02 ---- abr=0 col=000000 (512,12)-(1024,228)
pt: +14 cmd=01 ---- abr=0 col=000000 (0,12)-(512,228)
pt: +14 cmd=36 ST-G abr=1 col=001700 (254,125)-(272,155)
pt: +14 cmd=36 ST-G abr=1 col=001700 (237,124)-(254,155)
pt: +14 cmd=36 ST-G abr=1 col=001700 (266,122)-(288,155)
pt: +14 cmd=36 ST-G abr=1 col=2f5d2f (245,126)-(256,155)
pt: +14 cmd=36 ST-G abr=1 col=2f5d2f (256,125)-(272,155)
pt: +14 cmd=36 ST-G abr=1 col=2f5d2f (235,124)-(245,156)
pt: +14 cmd=36 ST-G abr=1 col=001700 (221,124)-(237,156)
pt: +14 cmd=36 ST-G abr=1 col=2f5d2f (266,122)-(288,156)
pt: +14 cmd=36 ST-G abr=1 col=001700 (274,122)-(301,156)
pt: +14 cmd=36 ST-G abr=1 col=2f5d2f (221,124)-(235,158)
pt: +14 cmd=36 ST-G abr=1 col=001700 (208,124)-(229,158)
pt: +14 cmd=36 ST-G abr=1 col=2f5d2f (274,124)-(301,158)
pt: +14 cmd=36 ST-G abr=1 col=001700 (282,124)-(309,158)
pt: +14 cmd=36 ST-G abr=1 col=2f5d2f (208,126)-(229,160)
pt: +14 cmd=36 ST-G abr=1 col=2f5d2f (282,128)-(309,160)
pt: +14 cmd=36 ST-G abr=1 col=001700 (201,126)-(225,160)
pt: +14 cmd=36 ST-G abr=1 col=005400 (225,136)-(229,160)
pt: +14 cmd=36 ST-G abr=1 col=2f5d2f (201,126)-(226,162)
pt: +14 cmd=36 ST-G abr=1 col=005400 (285,113)-(297,138)
pt: +14 cmd=36 ST-G abr=1 col=005400 (282,136)-(286,162)
pt: +14 cmd=36 ST-G abr=1 col=001700 (202,135)-(225,160)
pt: +14 cmd=36 ST-G abr=1 col=004900 (296,89)-(320,113)
pt: +14 cmd=36 ST-G abr=1 col=005400 (214,113)-(226,138)
pt: +14 cmd=36 ST-G abr=1 col=2f5d2f (285,128)-(309,162)
pt: +14 cmd=36 ST-G abr=1 col=003d00 (320,65)-(362,89)
pt: +14 cmd=36 ST-G abr=1 col=003d00 (190,87)-(214,113)
pt: +14 cmd=36 ST-G abr=1 col=004900 (285,113)-(297,138)
pt: +14 cmd=36 ST-G abr=1 col=005d00 (276,138)-(285,163)
pt: +14 cmd=36 ST-G abr=1 col=005400 (226,138)-(232,162)
pt: +14 cmd=36 ST-G abr=1 col=005d00 (229,139)-(235,163)
pt: +14 cmd=36 ST-G abr=1 col=002c00 (141,58)-(190,89)
pt: +14 cmd=36 ST-G abr=1 col=003d00 (296,87)-(321,113)
pt: +14 cmd=36 ST-G abr=1 col=005400 (279,113)-(296,139)
pt: +14 cmd=36 ST-G abr=1 col=005400 (276,138)-(285,163)
pt: +14 cmd=36 ST-G abr=1 col=2f5d2f (279,135)-(309,164)
pt: +14 cmd=36 ST-G abr=1 col=002c00 (362,40)-(424,65)
pt: +14 cmd=36 ST-G abr=1 col=004900 (214,113)-(226,138)
pt: +14 cmd=36 ST-G abr=1 col=005400 (222,113)-(232,139)
pt: +14 cmd=36 ST-G abr=1 col=005d00 (267,139)-(279,165)
pt: +14 cmd=36 ST-G abr=1 col=004900 (279,113)-(296,139)
pt: +14 cmd=36 ST-G abr=1 col=005400 (232,139)-(243,163)
pt: +14 cmd=36 ST-G abr=1 col=005d00 (235,139)-(244,165)
pt: +14 cmd=36 ST-G abr=1 col=005400 (267,139)-(279,165)
pt: +14 cmd=36 ST-G abr=1 col=001700 (202,135)-(226,162)
pt: +14 cmd=36 ST-G abr=1 col=2f5d2f (212,135)-(233,164)
pt: +14 cmd=36 ST-G abr=1 col=000000 (56,21)-(149,65)
pt: +14 cmd=36 ST-G abr=1 col=003d00 (141,58)-(190,89)
pt: +14 cmd=36 ST-G abr=1 col=002c00 (321,58)-(370,87)
pt: +14 cmd=36 ST-G abr=1 col=004900 (289,87)-(321,113)
pt: +14 cmd=36 ST-G abr=1 col=005400 (268,113)-(289,139)
pt: +14 cmd=36 ST-G abr=1 col=005400 (243,139)-(256,165)
pt: +14 cmd=36 ST-G abr=1 col=005d00 (244,140)-(256,165)
pt: +14 cmd=36 ST-G abr=1 col=005400 (256,139)-(268,165)
pt: +14 cmd=36 ST-G abr=1 col=005d00 (256,139)-(268,165)
pt: +14 cmd=36 ST-G abr=1 col=2f5d2f (268,141)-(300,165)
pt: +14 cmd=36 ST-G abr=1 col=001700 (279,135)-(309,164)
pt: +14 cmd=36 ST-G abr=1 col=005400 (232,113)-(243,139)
pt: +14 cmd=36 ST-G abr=1 col=003d00 (190,85)-(214,113)
pt: +14 cmd=36 ST-G abr=1 col=004900 (201,85)-(222,113)
pt: +14 cmd=36 ST-G abr=1 col=004900 (222,113)-(238,139)
pt: +14 cmd=36 ST-G abr=1 col=005400 (243,113)-(256,140)
pt: +14 cmd=36 ST-G abr=1 col=005400 (256,113)-(273,140)
pt: +14 cmd=36 ST-G abr=1 col=004900 (268,113)-(289,139)
pt: +14 cmd=36 ST-G abr=1 col=2f5d2f (231,140)-(243,165)
pt: +14 cmd=36 ST-G abr=1 col=003d00 (289,85)-(321,113)
pt: +14 cmd=36 ST-G abr=1 col=001700 (212,135)-(233,164)
pt: +14 cmd=36 ST-G abr=1 col=2f5d2f (243,139)-(256,166)
pt: +14 cmd=36 ST-G abr=1 col=2f5d2f (256,141)-(280,166)
pt: +14 cmd=36 ST-G abr=1 col=004900 (238,113)-(256,139)
pt: +14 cmd=36 ST-G abr=1 col=004900 (256,113)-(273,140)
pt: +14 cmd=36 ST-G abr=1 col=001700 (268,141)-(300,165)
pt: +14 cmd=36 ST-G abr=1 col=002c00 (56,21)-(149,65)
pt: +14 cmd=36 ST-G abr=1 col=000000 (370,20)-(454,58)
pt: +14 cmd=36 ST-G abr=1 col=003d00 (310,58)-(370,87)
pt: +14 cmd=36 ST-G abr=1 col=004900 (273,85)-(310,113)
pt: +14 cmd=36 ST-G abr=1 col=004900 (222,84)-(238,113)
pt: +14 cmd=36 ST-G abr=1 col=001700 (231,139)-(256,165)
pt: +14 cmd=36 ST-G abr=1 col=001700 (256,139)-(280,166)
pt: +14 cmd=36 ST-G abr=1 col=003d00 (201,84)-(224,113)
pt: +14 cmd=36 ST-G abr=1 col=004900 (256,84)-(287,113)
pt: +14 cmd=36 ST-G abr=1 col=002c00 (141,49)-(190,87)
pt: +14 cmd=36 ST-G abr=1 col=003d00 (153,49)-(201,87)
pt: +14 cmd=36 ST-G abr=1 col=004900 (238,83)-(256,113)
pt: +14 cmd=36 ST-G abr=1 col=003d00 (273,84)-(310,113)
pt: +14 cmd=36 ST-G abr=1 col=003d00 (224,83)-(256,113)
pt: +14 cmd=36 ST-G abr=1 col=003d00 (256,83)-(287,113)
pt: +14 cmd=36 ST-G abr=1 col=002c00 (310,49)-(370,85)
pt: +14 cmd=36 ST-G abr=1 col=003d00 (287,49)-(357,85)
pt: +14 cmd=36 ST-G abr=1 col=002c00 (357,20)-(454,58)
pt: +14 cmd=36 ST-G abr=1 col=003d00 (194,42)-(224,85)
pt: +14 cmd=36 ST-G abr=1 col=000000 (55,-8)-(141,58)
pt: +14 cmd=36 ST-G abr=1 col=002c00 (153,42)-(201,85)
pt: +14 cmd=36 ST-G abr=1 col=003d00 (256,42)-(317,84)
pt: +14 cmd=36 ST-G abr=1 col=002c00 (55,-8)-(153,58)
pt: +14 cmd=36 ST-G abr=1 col=003d00 (224,39)-(256,84)
pt: +14 cmd=36 ST-G abr=1 col=002c00 (287,42)-(357,84)
pt: +14 cmd=36 ST-G abr=1 col=000000 (357,-8)-(455,49)
pt: +14 cmd=36 ST-G abr=1 col=002c00 (194,39)-(256,84)
pt: +14 cmd=36 ST-G abr=1 col=002c00 (256,39)-(317,83)
pt: +14 cmd=36 ST-G abr=1 col=002c00 (317,-8)-(455,49)
pt: +14 cmd=36 ST-G abr=1 col=002c00 (116,-40)-(194,49)
pt: +14 cmd=36 ST-G abr=1 col=000000 (55,-40)-(153,49)
pt: +14 cmd=36 ST-G abr=1 col=002c00 (256,-41)-(393,42)
pt: +14 cmd=36 ST-G abr=1 col=002c00 (194,-56)-(256,42)
pt: +14 cmd=36 ST-G abr=1 col=000000 (317,-41)-(455,42)
pt: +14 cmd=36 ST-G abr=1 col=000000 (116,-56)-(252,42)
pt: +14 cmd=36 ST-G abr=1 col=000000 (252,-56)-(393,39)
pt: +14 cmd=f5 ---- abr=0 col=000200 (512,0)-(0,0)
pt: +15 cmd=f8 ---- abr=0 col=000002 (0,0)-(0,0)
pt: +15 cmd=e3 ---- abr=0 col=003000 (0,12)-(0,0)
pt: +15 cmd=e4 ---- abr=0 col=038dff (511,227)-(0,0)
pt: +15 cmd=e5 ---- abr=0 col=000000 (0,12)-(0,0)
pt: +15 cmd=02 ---- abr=0 col=000000 (0,12)-(512,228)
pt: +15 cmd=01 ---- abr=0 col=000000 (0,12)-(512,228)
pt: +15 cmd=36 ST-G abr=1 col=001700 (251,123)-(268,155)
pt: +15 cmd=36 ST-G abr=1 col=001700 (233,126)-(251,156)
pt: +15 cmd=36 ST-G abr=1 col=001700 (263,122)-(285,155)
pt: +15 cmd=36 ST-G abr=1 col=2f5d2f (253,123)-(268,155)
pt: +15 cmd=36 ST-G abr=1 col=2f5d2f (243,126)-(253,156)
pt: +15 cmd=36 ST-G abr=1 col=001700 (218,124)-(233,157)
pt: +15 cmd=36 ST-G abr=1 col=001700 (273,122)-(299,156)
pt: +15 cmd=36 ST-G abr=1 col=2f5d2f (263,122)-(285,156)
pt: +15 cmd=36 ST-G abr=1 col=2f5d2f (233,126)-(243,157)
pt: +15 cmd=36 ST-G abr=1 col=2f5d2f (273,125)-(299,157)
pt: +15 cmd=36 ST-G abr=1 col=2f5d2f (218,124)-(233,158)
pt: +15 cmd=36 ST-G abr=1 col=001700 (206,124)-(228,158)
pt: +15 cmd=36 ST-G abr=1 col=001700 (280,125)-(308,157)
pt: +15 cmd=36 ST-G abr=1 col=2f5d2f (280,127)-(308,159)
pt: +15 cmd=36 ST-G abr=1 col=2f5d2f (206,125)-(228,160)
pt: +15 cmd=36 ST-G abr=1 col=001700 (201,125)-(225,160)
pt: +15 cmd=36 ST-G abr=1 col=005400 (225,136)-(229,159)
pt: +15 cmd=36 ST-G abr=1 col=001700 (285,127)-(310,159)
pt: +15 cmd=36 ST-G abr=1 col=005d00 (281,137)-(286,162)
pt: +15 cmd=36 ST-G abr=1 col=2f5d2f (285,127)-(310,161)
pt: +15 cmd=36 ST-G abr=1 col=005400 (214,113)-(226,137)
pt: +15 cmd=36 ST-G abr=1 col=005400 (284,113)-(297,138)
pt: +15 cmd=36 ST-G abr=1 col=005400 (281,137)-(286,162)
pt: +15 cmd=36 ST-G abr=1 col=001700 (201,134)-(225,160)
pt: +15 cmd=36 ST-G abr=1 col=004900 (295,89)-(321,113)
pt: +15 cmd=36 ST-G abr=1 col=005400 (226,137)-(231,161)
pt: +15 cmd=36 ST-G abr=1 col=2f5d2f (202,134)-(227,162)
pt: +15 cmd=36 ST-G abr=1 col=004900 (284,113)-(297,138)
pt: +15 cmd=36 ST-G abr=1 col=005d00 (229,138)-(234,163)
pt: +15 cmd=36 ST-G abr=1 col=005d00 (275,138)-(284,164)
pt: +15 cmd=36 ST-G abr=1 col=2f5d2f (279,134)-(310,163)
pt: +15 cmd=36 ST-G abr=1 col=000000 (61,25)-(153,66)
pt: +15 cmd=36 ST-G abr=1 col=003d00 (320,64)-(364,89)
pt: +15 cmd=36 ST-G abr=1 col=004900 (214,113)-(226,137)
pt: +15 cmd=36 ST-G abr=1 col=005400 (275,138)-(284,164)
pt: +15 cmd=36 ST-G abr=1 col=003d00 (295,87)-(321,113)
pt: +15 cmd=36 ST-G abr=1 col=005400 (221,113)-(231,138)
pt: +15 cmd=36 ST-G abr=1 col=005400 (277,113)-(295,139)
pt: +15 cmd=36 ST-G abr=1 col=005400 (231,138)-(241,163)
pt: +15 cmd=36 ST-G abr=1 col=005d00 (234,139)-(242,164)
pt: +15 cmd=36 ST-G abr=1 col=005d00 (265,139)-(277,165)
pt: +15 cmd=36 ST-G abr=1 col=2f5d2f (214,137)-(234,164)
pt: +15 cmd=36 ST-G abr=1 col=001700 (279,134)-(310,163)
pt: +15 cmd=36 ST-G abr=1 col=004900 (277,113)-(295,139)
pt: +15 cmd=36 ST-G abr=1 col=005400 (241,139)-(253,164)
pt: +15 cmd=36 ST-G abr=1 col=005d00 (242,140)-(253,165)
pt: +15 cmd=36 ST-G abr=1 col=005d00 (253,139)-(266,165)
pt: +15 cmd=36 ST-G abr=1 col=005400 (265,139)-(277,165)
pt: +15 cmd=36 ST-G abr=1 col=001700 (202,134)-(227,162)
pt: +15 cmd=36 ST-G abr=1 col=2f5d2f (270,138)-(301,165)
pt: +15 cmd=36 ST-G abr=1 col=002c00 (364,37)-(430,64)
pt: +15 cmd=36 ST-G abr=1 col=003d00 (190,86)-(214,113)
pt: +15 cmd=36 ST-G abr=1 col=004900 (198,86)-(221,113)
pt: +15 cmd=36 ST-G abr=1 col=004900 (286,87)-(320,113)
pt: +15 cmd=36 ST-G abr=1 col=004900 (221,113)-(235,138)
pt: +15 cmd=36 ST-G abr=1 col=005400 (231,113)-(241,139)
pt: +15 cmd=36 ST-G abr=1 col=005400 (266,113)-(286,139)
pt: +15 cmd=36 ST-G abr=1 col=005400 (253,139)-(266,165)
pt: +15 cmd=36 ST-G abr=1 col=002c00 (61,25)-(153,66)
pt: +15 cmd=36 ST-G abr=1 col=002c00 (320,56)-(369,87)
pt: +15 cmd=36 ST-G abr=1 col=005400 (241,113)-(253,140)
pt: +15 cmd=36 ST-G abr=1 col=005400 (253,113)-(270,140)
pt: +15 cmd=36 ST-G abr=1 col=2f5d2f (234,140)-(244,165)
pt: +15 cmd=36 ST-G abr=1 col=004900 (235,113)-(252,139)
pt: +15 cmd=36 ST-G abr=1 col=004900 (266,113)-(286,139)
pt: +15 cmd=36 ST-G abr=1 col=2f5d2f (244,140)-(259,165)
pt: +15 cmd=36 ST-G abr=1 col=2f5d2f (257,142)-(283,165)
pt: +15 cmd=36 ST-G abr=1 col=001700 (270,138)-(301,165)
pt: +15 cmd=36 ST-G abr=1 col=003d00 (286,85)-(320,113)
pt: +15 cmd=36 ST-G abr=1 col=004900 (252,113)-(270,140)
pt: +15 cmd=36 ST-G abr=1 col=001700 (214,137)-(234,164)
pt: +15 cmd=36 ST-G abr=1 col=004900 (270,85)-(306,113)
pt: +15 cmd=36 ST-G abr=1 col=002c00 (141,51)-(190,88)
pt: +15 cmd=36 ST-G abr=1 col=003d00 (306,56)-(369,87)
pt: +15 cmd=36 ST-G abr=1 col=003d00 (198,84)-(221,113)
pt: +15 cmd=36 ST-G abr=1 col=004900 (220,84)-(235,113)
pt: +15 cmd=36 ST-G abr=1 col=001700 (234,140)-(259,165)
pt: +15 cmd=36 ST-G abr=1 col=001700 (257,140)-(283,165)
pt: +15 cmd=36 ST-G abr=1 col=003d00 (149,51)-(198,88)
pt: +15 cmd=36 ST-G abr=1 col=000000 (369,15)-(458,56)
pt: +15 cmd=36 ST-G abr=1 col=004900 (235,83)-(252,113)
pt: +15 cmd=36 ST-G abr=1 col=004900 (252,84)-(281,113)
pt: +15 cmd=36 ST-G abr=1 col=003d00 (270,84)-(306,113)
pt: +15 cmd=36 ST-G abr=1 col=003d00 (220,83)-(250,113)
pt: +15 cmd=36 ST-G abr=1 col=003d00 (250,83)-(281,113)
pt: +15 cmd=36 ST-G abr=1 col=002c00 (306,47)-(369,85)
pt: +15 cmd=36 ST-G abr=1 col=003d00 (184,43)-(220,86)
pt: +15 cmd=36 ST-G abr=1 col=003d00 (281,47)-(352,85)
pt: +15 cmd=36 ST-G abr=1 col=000000 (52,-2)-(141,59)
pt: +15 cmd=36 ST-G abr=1 col=002c00 (352,15)-(458,56)
pt: +15 cmd=36 ST-G abr=1 col=002c00 (149,43)-(198,86)
pt: +15 cmd=36 ST-G abr=1 col=002c00 (52,-2)-(149,59)
pt: +15 cmd=36 ST-G abr=1 col=003d00 (250,41)-(307,84)
pt: +15 cmd=36 ST-G abr=1 col=003d00 (220,39)-(250,84)
pt: +15 cmd=36 ST-G abr=1 col=002c00 (281,41)-(352,84)
pt: +15 cmd=36 ST-G abr=1 col=002c00 (184,39)-(243,84)
pt: +15 cmd=36 ST-G abr=1 col=002c00 (243,39)-(307,83)
pt: +15 cmd=36 ST-G abr=1 col=000000 (352,-15)-(458,47)
pt: +15 cmd=36 ST-G abr=1 col=002c00 (99,-35)-(184,51)
pt: +15 cmd=36 ST-G abr=1 col=002c00 (307,-15)-(450,47)
pt: +15 cmd=36 ST-G abr=1 col=000000 (52,-35)-(149,51)
pt: +15 cmd=36 ST-G abr=1 col=002c00 (184,-56)-(243,43)
pt: +15 cmd=36 ST-G abr=1 col=002c00 (243,-46)-(372,41)
pt: +15 cmd=36 ST-G abr=1 col=000000 (307,-46)-(450,41)
pt: +15 cmd=36 ST-G abr=1 col=000000 (99,-56)-(226,43)
pt: +15 cmd=36 ST-G abr=1 col=000000 (226,-56)-(372,39)
pt: +15 cmd=f5 ---- abr=0 col=000000 (0,0)-(0,0)
ogxeq: n=448642 mism=0 hole=0
ogxdraw: ft=0 gt=902892 uni_ft=0 uni_gt=239224 vram_wr=1807 inval=8
ogxud: gt=1 nv=3 mode=0 page=26 clut=6024 tex=1 256x256 semi=3 texel=0000 uv1024=(128,128)(4,4)(128,4)(0,0)
ogxud: gt=1 nv=3 mode=0 page=26 clut=6024 tex=1 256x256 semi=3 texel=0000 uv1024=(4,128)(128,128)(4,4)(0,0)
ogxud: gt=1 nv=3 mode=0 page=26 clut=6024 tex=1 256x256 semi=3 texel=0000 uv1024=(128,128)(4,4)(128,4)(0,0)
ogxud: gt=1 nv=3 mode=0 page=26 clut=6024 tex=1 256x256 semi=3 texel=0000 uv1024=(4,128)(128,128)(4,4)(0,0)
ogxud: gt=1 nv=3 mode=0 page=26 clut=6024 tex=1 256x256 semi=3 texel=0000 uv1024=(128,128)(4,4)(128,4)(0,0)
ogxud: gt=1 nv=3 mode=0 page=26 clut=6024 tex=1 256x256 semi=3 texel=0000 uv1024=(4,128)(128,128)(4,4)(0,0)
ogxud: gt=1 nv=3 mode=0 page=26 clut=6024 tex=1 256x256 semi=1 texel=0000 uv1024=(264,128)(140,4)(264,4)(0,0)
ogxud: gt=1 nv=3 mode=0 page=26 clut=6024 tex=1 256x256 semi=1 texel=0000 uv1024=(140,128)(264,128)(140,4)(0,0)
cd: reads=1231 bytes=2895312 seq=1218 rand=13 worst_us=782 total_us=36499
cdpf: hit=0 miss=0 reads=0
chd: hit=0 miss=0 err=0 chd_us=0
xa: sectors=0 starts=0 fed=0 trunc=0 fill_min=0 fill_max=0 freq=0 stereo=0 dt_min=0 dt_max=0 filtered=0
xamix: mix=0 hold=0 gaps=0 gap_calls=0 gap_samples=0 | spu: ns=2809080 pulls=0 busy=71 desync=0 aev=3072 | out: dry=534485 drop=0
rate: ppm=-5000 i=-738 min=-5000 max=108 occ_min=0 occ_max=6479 occ_avg=1412 updates=7040 sat=3888 changes=0 prefill=7168 | limit: debt_max=1250 debt_drops=959
menu: frames=0 menu_us=0 strings=73800 glyphs=234865 texloads=234865
vramdump: frames=2698 vblanks=6001 bytes=1048576
--- perf frames=3600 ---
fixes: dwActFixes=00000000 cdrom=SCUS94244
cpu: slices=7106347 int=0 cpu_us=152908547 jit_full=0 jit_part=30463 interp_fb=0 hle=852822 exc=7236
wall: wall_us=152958273 vblanks=8117 pal=0 nested=6597729
inside: limit_us=25799231 limit=3174 target=1666 spu_us=12290203 spu=99432 out_us=866539 out=99432 hw_us=67848476 hw=7522805 hw_gpu_us=67331742 hw_gpu=1762499
slicecost: sched_us=37204297 jit_us=105389119 post_us=10315131 exit_norm=4501323 exit_irq=1744966
slice: cycles=68209142195 avg=9598 tiny=182919
irq: sio=32056 cdr=229 cdread=3240 gpudma=7204 spudma=29 cdrdma=6390 newdrc=23 rcnt=320168
ram: mem1_free_kb=5227 mem2=10791/24575KB peak=10791KB fails=0 null_read=0 heap_ok=1
gpu: tex_hit=2105120 miss=188956 resets=23844 loads=0 bytes=0 batches=0
gpu: drawdone=23844 drawdone_us=72369 convert_us=0 present_us=659843
texk: conv_us=1658299 conv=4317 texels=27484385 tile_us=1305216 tile=4317 mdec_us=0 mdec=0
ogx: gc=0 sub_new=4317 sub_hit=2191439 skip=714312 unaligned=2691 oob=0
ogxskip: b1=700499 b2=13689 op_empty=124 op_semi=0
ogxupl: semi=2350 opaque=2091 mismatch=0
ogxgeom: coord_rej=2
offsoft: prims=239501 rejected=175001 | pad: startpoll=8014 update=8014 ai_calls=8014
sio: write8=48084 start=8014 ctrl16=96168 read8=64112 irq=32056 padtype0=1
ogxoff: prims=2796 tex=2721 off_roi=0 fills=4599 fills_off=1062 va=244178 va_roi=1907
ogxva: rect=(512,12)-(1024,228)
ogxva: rect=(512,12)-(1024,228)
ogxva: rect=(512,12)-(1024,228)
ogxva: rect=(512,12)-(1024,228)
ogxva: rect=(512,12)-(1024,228)
ogxva: rect=(512,12)-(1024,228)
ogxva: rect=(512,12)-(1024,228)
ogxva: rect=(512,12)-(1024,228)
autoinput: vblank=23 mask=0000 at_present=2
ptrace: armed_at_present=3212 vblank=7083 prims/semi/fills per present: 1/1/0 2/1/1 2/1/1 2/1/1 69/1/1 88/1/1 418/1/1 675/3/1 677/2/1 660/2/1 684/2/1 681/2/1 680/2/1 677/2/1 671/2/1 685/2/1
pt: +0 cmd=2a S-Q- abr=2 col=ffffff (0,0)-(512,240)
pt: +0 cmd=f5 ---- abr=0 col=000000 (0,0)-(0,0)
pt: +1 cmd=f8 ---- abr=0 col=000002 (0,0)-(0,0)
pt: +1 cmd=e3 ---- abr=0 col=003200 (512,12)-(0,0)
pt: +1 cmd=e4 ---- abr=0 col=038fff (1023,227)-(0,0)
pt: +1 cmd=e5 ---- abr=0 col=000000 (512,12)-(0,0)
pt: +1 cmd=02 ---- abr=0 col=000000 (512,12)-(1024,228)
pt: +1 cmd=01 ---- abr=0 col=000000 (0,12)-(512,228)
pt: +1 cmd=2a S-Q- abr=2 col=e1e1e1 (0,0)-(512,240)
pt: +1 cmd=f5 ---- abr=0 col=000200 (512,0)-(0,0)
pt: +2 cmd=f8 ---- abr=0 col=000002 (0,0)-(0,0)
pt: +2 cmd=e3 ---- abr=0 col=003000 (0,12)-(0,0)
pt: +2 cmd=e4 ---- abr=0 col=038dff (511,227)-(0,0)
pt: +2 cmd=e5 ---- abr=0 col=000000 (0,12)-(0,0)
pt: +2 cmd=02 ---- abr=0 col=000000 (0,12)-(512,228)
pt: +2 cmd=01 ---- abr=0 col=000000 (0,12)-(512,228)
pt: +2 cmd=2a S-Q- abr=2 col=b9b9b9 (0,0)-(512,240)
pt: +2 cmd=f5 ---- abr=0 col=000000 (0,0)-(0,0)
pt: +3 cmd=f8 ---- abr=0 col=000002 (0,0)-(0,0)
pt: +3 cmd=e3 ---- abr=0 col=003200 (512,12)-(0,0)
pt: +3 cmd=e4 ---- abr=0 col=038fff (1023,227)-(0,0)
pt: +3 cmd=e5 ---- abr=0 col=000000 (512,12)-(0,0)
pt: +3 cmd=02 ---- abr=0 col=000000 (512,12)-(1024,228)
pt: +3 cmd=01 ---- abr=0 col=000000 (0,12)-(512,228)
pt: +3 cmd=2a S-Q- abr=2 col=979797 (0,0)-(512,240)
pt: +3 cmd=f5 ---- abr=0 col=000200 (512,0)-(0,0)
pt: +4 cmd=f8 ---- abr=0 col=000002 (0,0)-(0,0)
pt: +4 cmd=e3 ---- abr=0 col=003000 (0,12)-(0,0)
pt: +4 cmd=e4 ---- abr=0 col=038dff (511,227)-(0,0)
pt: +4 cmd=e5 ---- abr=0 col=000000 (0,12)-(0,0)
pt: +4 cmd=02 ---- abr=0 col=000000 (0,12)-(512,228)
pt: +4 cmd=01 ---- abr=0 col=000000 (0,12)-(512,228)
pt: +4 cmd=30 ---G abr=0 col=120002 (135,227)-(256,294)
pt: +4 cmd=30 ---G abr=0 col=3b002f (135,227)-(256,294)
pt: +4 cmd=30 ---G abr=0 col=240005 (-36,198)-(137,273)
pt: +4 cmd=30 ---G abr=0 col=3b002f (-36,198)-(137,273)
pt: +4 cmd=30 ---G abr=0 col=240005 (137,192)-(256,236)
pt: +4 cmd=30 ---G abr=0 col=120002 (137,192)-(256,236)
pt: +4 cmd=30 ---G abr=0 col=120002 (256,192)-(373,227)
pt: +4 cmd=30 ---G abr=0 col=120002 (256,198)-(373,236)
pt: +4 cmd=30 ---G abr=0 col=6e0010 (256,227)-(372,280)
pt: +4 cmd=30 ---G abr=0 col=400030 (372,222)-(545,273)
pt: +4 cmd=30 ---G abr=0 col=240005 (372,198)-(543,236)
pt: +4 cmd=30 ---G abr=0 col=240005 (373,182)-(543,222)
pt: +4 cmd=30 ---G abr=0 col=2e0007 (373,167)-(542,198)
pt: +4 cmd=30 ---G abr=0 col=240005 (256,167)-(375,198)
pt: +4 cmd=30 ---G abr=0 col=49000b (256,164)-(375,192)
pt: +4 cmd=30 ---G abr=0 col=240005 (137,164)-(256,198)
pt: +4 cmd=30 ---G abr=0 col=490031 (135,164)-(256,198)
pt: +4 cmd=30 ---G abr=0 col=3c0b30 (-34,167)-(137,222)
pt: +4 cmd=30 ---G abr=0 col=3c0b30 (-34,167)-(135,222)
pt: +4 cmd=30 ---G abr=0 col=400030 (-33,143)-(135,182)
pt: +4 cmd=30 ---G abr=0 col=490031 (-33,143)-(135,182)
pt: +4 cmd=30 ---G abr=0 col=6e0010 (135,141)-(256,167)
pt: +4 cmd=30 ---G abr=0 col=49000b (135,141)-(256,167)
pt: +4 cmd=30 ---G abr=0 col=400009 (256,141)-(375,164)
pt: +4 cmd=30 ---G abr=0 col=2e0007 (256,143)-(375,167)
pt: +4 cmd=30 ---G abr=0 col=6e0010 (375,143)-(542,167)
pt: +4 cmd=30 ---G abr=0 col=3d0025 (375,150)-(542,182)
pt: +4 cmd=30 ---G abr=0 col=400009 (375,120)-(542,150)
pt: +4 cmd=30 ---G abr=0 col=400030 (375,120)-(542,143)
pt: +4 cmd=30 ---G abr=0 col=6e0010 (256,120)-(375,143)
pt: +4 cmd=30 ---G abr=0 col=400030 (256,120)-(375,141)
pt: +4 cmd=30 ---G abr=0 col=400030 (135,120)-(256,143)
pt: +4 cmd=30 ---G abr=0 col=930016 (135,120)-(256,143)
pt: +4 cmd=30 ---G abr=0 col=400009 (-33,120)-(135,150)
pt: +4 cmd=30 ---G abr=0 col=49000b (-33,120)-(135,150)
pt: +4 cmd=30 ---G abr=0 col=240005 (373,-35)-(545,40)
pt: +4 cmd=30 ---G abr=0 col=3b002f (372,-35)-(545,40)
pt: +4 cmd=30 ---G abr=0 col=240005 (256,1)-(373,46)
pt: +4 cmd=30 ---G abr=0 col=120002 (256,1)-(372,46)
pt: +4 cmd=30 ---G abr=0 col=120002 (137,11)-(256,46)
pt: +4 cmd=30 ---G abr=0 col=120002 (137,1)-(256,40)
pt: +4 cmd=30 ---G abr=0 col=400030 (-36,-35)-(137,16)
pt: +4 cmd=30 ---G abr=0 col=240005 (-34,1)-(137,40)
pt: +4 cmd=30 ---G abr=0 col=240005 (-34,16)-(137,55)
pt: +4 cmd=30 ---G abr=0 col=2e0007 (-33,40)-(137,71)
pt: +4 cmd=30 ---G abr=0 col=240005 (135,40)-(256,71)
pt: +4 cmd=30 ---G abr=0 col=49000b (135,46)-(256,74)
pt: +4 cmd=30 ---G abr=0 col=240005 (256,40)-(373,74)
pt: +4 cmd=30 ---G abr=0 col=490031 (256,40)-(375,74)
pt: +4 cmd=30 ---G abr=0 col=3c0b30 (373,16)-(543,71)
pt: +4 cmd=30 ---G abr=0 col=140033 (375,16)-(543,71)
pt: +4 cmd=30 ---G abr=0 col=400030 (375,55)-(542,95)
pt: +4 cmd=30 ---G abr=0 col=490031 (375,55)-(542,95)
pt: +4 cmd=30 ---G abr=0 col=6e0010 (256,71)-(375,97)
pt: +4 cmd=30 ---G abr=0 col=49000b (256,71)-(375,97)
pt: +4 cmd=30 ---G abr=0 col=400009 (135,74)-(256,97)
pt: +4 cmd=30 ---G abr=0 col=2e0007 (135,71)-(256,95)
pt: +4 cmd=30 ---G abr=0 col=6e0010 (-33,71)-(135,95)
pt: +4 cmd=30 ---G abr=0 col=3d0025 (-33,55)-(135,88)
pt: +4 cmd=30 ---G abr=0 col=400009 (-33,88)-(135,120)
pt: +4 cmd=30 ---G abr=0 col=930016 (-32,95)-(135,120)
pt: +4 cmd=30 ---G abr=0 col=6e0010 (135,95)-(256,120)
pt: +4 cmd=30 ---G abr=0 col=400030 (135,97)-(256,120)
pt: +4 cmd=30 ---G abr=0 col=400030 (256,95)-(375,120)
pt: +4 cmd=30 ---G abr=0 col=400030 (256,95)-(375,120)
pt: +4 cmd=30 ---G abr=0 col=400009 (375,88)-(542,120)
pt: +4 cmd=30 ---G abr=0 col=930016 (375,88)-(542,120)
pt: +4 cmd=2a S-Q- abr=2 col=787878 (0,0)-(512,240)
pt: +4 cmd=f5 ---- abr=0 col=000000 (0,0)-(0,0)
pt: +5 cmd=f8 ---- abr=0 col=000002 (0,0)-(0,0)
pt: +5 cmd=e3 ---- abr=0 col=003200 (512,12)-(0,0)
pt: +5 cmd=e4 ---- abr=0 col=038fff (1023,227)-(0,0)
pt: +5 cmd=e5 ---- abr=0 col=000000 (512,12)-(0,0)
pt: +5 cmd=02 ---- abr=0 col=000000 (512,12)-(1024,228)
pt: +5 cmd=01 ---- abr=0 col=000000 (0,12)-(512,228)
pt: +5 cmd=30 ---G abr=0 col=000000 (-214,151)-(46,305)
pt: +5 cmd=30 ---G abr=0 col=000000 (-190,163)-(46,305)
pt: +5 cmd=30 ---G abr=0 col=120002 (-128,189)-(46,305)
pt: +5 cmd=30 ---G abr=0 col=120002 (-4,219)-(107,305)
pt: +5 cmd=30 ---G abr=0 col=120002 (-4,208)-(156,250)
pt: +5 cmd=30 ---G abr=0 col=3b002f (-4,172)-(156,219)
pt: +5 cmd=30 ---G abr=0 col=261654 (-128,172)-(51,219)
pt: +5 cmd=30 ---G abr=0 col=400009 (-128,140)-(51,189)
pt: +5 cmd=30 ---G abr=0 col=240005 (-124,98)-(87,141)
pt: +5 cmd=30 ---G abr=0 col=3b002f (-124,140)-(87,172)
pt: +5 cmd=30 ---G abr=0 col=240005 (51,141)-(189,179)
pt: +5 cmd=30 ---G abr=0 col=120002 (51,172)-(189,208)
pt: +5 cmd=30 ---G abr=0 col=120002 (156,179)-(279,226)
pt: +5 cmd=30 ---G abr=0 col=120002 (156,208)-(279,257)
pt: +5 cmd=30 ---G abr=0 col=6e0010 (107,208)-(243,257)
pt: +5 cmd=30 ---G abr=0 col=240005 (243,226)-(396,307)
pt: +5 cmd=30 ---G abr=0 col=240005 (279,226)-(431,307)
pt: +5 cmd=30 ---G abr=0 col=2e0007 (279,201)-(431,275)
pt: +5 cmd=30 ---G abr=0 col=240005 (189,179)-(308,226)
pt: +5 cmd=30 ---G abr=0 col=49000b (189,156)-(308,201)
pt: +5 cmd=30 ---G abr=0 col=240005 (87,141)-(214,179)
pt: +5 cmd=30 ---G abr=0 col=490031 (87,116)-(214,156)
pt: +5 cmd=30 ---G abr=0 col=3c0b30 (-76,98)-(113,141)
pt: +5 cmd=30 ---G abr=0 col=3c0b30 (-76,67)-(113,116)
pt: +5 cmd=30 ---G abr=0 col=400030 (-38,41)-(136,94)
pt: +5 cmd=30 ---G abr=0 col=490031 (-38,67)-(136,116)
pt: +5 cmd=30 ---G abr=0 col=6e0010 (113,94)-(235,137)
pt: +5 cmd=30 ---G abr=0 col=49000b (113,116)-(235,156)
pt: +5 cmd=30 ---G abr=0 col=400009 (214,137)-(332,182)
pt: +5 cmd=30 ---G abr=0 col=2e0007 (214,156)-(332,201)
pt: +5 cmd=30 ---G abr=0 col=6e0010 (308,182)-(461,248)
pt: +5 cmd=30 ---G abr=0 col=3d0025 (308,201)-(461,275)
pt: +5 cmd=30 ---G abr=0 col=930016 (461,222)-(729,329)
pt: +5 cmd=30 ---G abr=0 col=400009 (332,182)-(488,248)
pt: +5 cmd=30 ---G abr=0 col=400030 (332,163)-(488,222)
pt: +5 cmd=30 ---G abr=0 col=6e0010 (235,137)-(353,182)
pt: +5 cmd=30 ---G abr=0 col=400030 (235,120)-(353,163)
pt: +5 cmd=30 ---G abr=0 col=400030 (136,94)-(256,137)
pt: +5 cmd=30 ---G abr=0 col=930016 (136,75)-(256,120)
pt: +5 cmd=30 ---G abr=0 col=400009 (-8,41)-(157,94)
pt: +5 cmd=30 ---G abr=0 col=49000b (-8,16)-(157,75)
pt: +5 cmd=30 ---G abr=0 col=360055 (-254,-50)-(21,41)
pt: +5 cmd=30 ---G abr=0 col=930016 (-254,-92)-(21,16)
pt: +5 cmd=30 ---G abr=0 col=000000 (463,-68)-(723,86)
pt: +5 cmd=30 ---G abr=0 col=000000 (463,-68)-(699,74)
pt: +5 cmd=30 ---G abr=0 col=120002 (463,-68)-(637,48)
pt: +5 cmd=30 ---G abr=0 col=120002 (403,-68)-(513,18)
pt: +5 cmd=30 ---G abr=0 col=120002 (354,-13)-(513,30)
pt: +5 cmd=30 ---G abr=0 col=3b002f (354,18)-(513,65)
pt: +5 cmd=30 ---G abr=0 col=261654 (459,18)-(637,65)
pt: +5 cmd=30 ---G abr=0 col=400009 (459,48)-(637,98)
pt: +5 cmd=30 ---G abr=0 col=240005 (423,97)-(633,140)
pt: +5 cmd=30 ---G abr=0 col=3b002f (423,65)-(633,98)
pt: +5 cmd=30 ---G abr=0 col=240005 (321,59)-(459,97)
pt: +5 cmd=30 ---G abr=0 col=120002 (321,30)-(459,65)
pt: +5 cmd=30 ---G abr=0 col=120002 (231,12)-(354,59)
pt: +5 cmd=30 ---G abr=0 col=120002 (231,-20)-(354,30)
pt: +5 cmd=30 ---G abr=0 col=6e0010 (267,-20)-(403,30)
pt: +5 cmd=30 ---G abr=0 col=240005 (113,-69)-(267,12)
pt: +5 cmd=30 ---G abr=0 col=240005 (79,-69)-(231,12)
pt: +5 cmd=30 ---G abr=0 col=2e0007 (79,-38)-(231,37)
pt: +5 cmd=30 ---G abr=0 col=240005 (202,12)-(321,59)
pt: +5 cmd=30 ---G abr=0 col=49000b (202,37)-(321,82)
pt: +5 cmd=30 ---G abr=0 col=240005 (296,59)-(423,97)
pt: +5 cmd=30 ---G abr=0 col=490031 (296,82)-(423,122)
pt: +5 cmd=30 ---G abr=0 col=3c0b30 (397,97)-(585,140)
pt: +5 cmd=30 ---G abr=0 col=140033 (397,122)-(585,171)
pt: +5 cmd=30 ---G abr=0 col=400030 (374,144)-(548,197)
pt: +5 cmd=30 ---G abr=0 col=490031 (374,122)-(548,171)
pt: +5 cmd=30 ---G abr=0 col=6e0010 (275,101)-(397,144)
pt: +5 cmd=30 ---G abr=0 col=49000b (275,82)-(397,122)
pt: +5 cmd=30 ---G abr=0 col=400009 (178,56)-(296,101)
pt: +5 cmd=30 ---G abr=0 col=2e0007 (178,37)-(296,82)
pt: +5 cmd=30 ---G abr=0 col=6e0010 (49,-10)-(202,56)
pt: +5 cmd=30 ---G abr=0 col=3d0025 (49,-38)-(202,37)
pt: +5 cmd=30 ---G abr=0 col=49000b (-220,-92)-(49,16)
pt: +5 cmd=30 ---G abr=0 col=400009 (21,-10)-(178,56)
pt: +5 cmd=30 ---G abr=0 col=930016 (21,16)-(178,75)
pt: +5 cmd=30 ---G abr=0 col=6e0010 (157,56)-(275,101)
pt: +5 cmd=30 ---G abr=0 col=400030 (157,75)-(275,120)
pt: +5 cmd=30 ---G abr=0 col=400030 (256,101)-(374,144)
pt: +5 cmd=30 ---G abr=0 col=400030 (256,120)-(374,163)
pt: +5 cmd=30 ---G abr=0 col=400009 (353,144)-(517,197)
pt: +5 cmd=30 ---G abr=0 col=930016 (353,163)-(517,222)
pt: +5 cmd=30 ---G abr=0 col=360055 (488,197)-(763,287)
pt: +5 cmd=30 ---G abr=0 col=400009 (488,222)-(763,329)
pt: +5 cmd=2a S-Q- abr=2 col=5b5b5b (0,0)-(512,240)
pt: +5 cmd=f5 ---- abr=0 col=000200 (512,0)-(0,0)
pt: +6 cmd=f8 ---- abr=0 col=000002 (0,0)-(0,0)
pt: +6 cmd=e3 ---- abr=0 col=003000 (0,12)-(0,0)
pt: +6 cmd=e4 ---- abr=0 col=038dff (511,227)-(0,0)
pt: +6 cmd=e5 ---- abr=0 col=000000 (0,12)-(0,0)
pt: +6 cmd=02 ---- abr=0 col=000000 (0,12)-(512,228)
pt: +6 cmd=01 ---- abr=0 col=000000 (0,12)-(512,228)
pt: +6 cmd=30 ---G abr=0 col=000000 (-214,157)-(50,307)
pt: +6 cmd=30 ---G abr=0 col=000000 (-190,167)-(50,307)
pt: +6 cmd=30 ---G abr=0 col=120002 (-128,193)-(50,307)
pt: +6 cmd=30 ---G abr=0 col=120002 (0,223)-(110,307)
pt: +6 cmd=30 ---G abr=0 col=120002 (0,208)-(158,252)
pt: +6 cmd=30 ---G abr=0 col=3b002f (0,175)-(158,223)
pt: +6 cmd=30 ---G abr=0 col=261654 (-128,175)-(52,223)
pt: +6 cmd=30 ---G abr=0 col=400009 (-128,143)-(52,193)
pt: +6 cmd=30 ---G abr=0 col=240005 (-124,102)-(87,143)
pt: +6 cmd=30 ---G abr=0 col=3b002f (-124,142)-(87,175)
pt: +6 cmd=30 ---G abr=0 col=240005 (52,142)-(190,179)
pt: +6 cmd=30 ---G abr=0 col=120002 (52,175)-(190,208)
pt: +6 cmd=30 ---G abr=0 col=120002 (158,179)-(282,225)
pt: +6 cmd=30 ---G abr=0 col=120002 (158,208)-(282,257)
pt: +6 cmd=30 ---G abr=0 col=6e0010 (110,208)-(247,257)
pt: +6 cmd=30 ---G abr=0 col=240005 (247,225)-(401,305)
pt: +6 cmd=30 ---G abr=0 col=240005 (282,225)-(435,305)
pt: +6 cmd=30 ---G abr=0 col=2e0007 (282,201)-(435,273)
pt: +6 cmd=30 ---G abr=0 col=240005 (190,179)-(310,225)
pt: +6 cmd=30 ---G abr=0 col=49000b (190,156)-(310,201)
pt: +6 cmd=30 ---G abr=0 col=240005 (87,142)-(214,179)
pt: +6 cmd=30 ---G abr=0 col=490031 (87,117)-(214,156)
pt: +6 cmd=30 ---G abr=0 col=3c0b30 (-76,102)-(113,142)
pt: +6 cmd=30 ---G abr=0 col=3c0b30 (-76,71)-(113,117)
pt: +6 cmd=30 ---G abr=0 col=400030 (-39,44)-(135,96)
pt: +6 cmd=30 ---G abr=0 col=490031 (-39,71)-(135,117)
pt: +6 cmd=30 ---G abr=0 col=6e0010 (113,96)-(236,137)
pt: +6 cmd=30 ---G abr=0 col=49000b (113,117)-(236,156)
pt: +6 cmd=30 ---G abr=0 col=400009 (214,137)-(333,181)
pt: +6 cmd=30 ---G abr=0 col=2e0007 (214,156)-(333,201)
pt: +6 cmd=30 ---G abr=0 col=6e0010 (310,181)-(464,245)
pt: +6 cmd=30 ---G abr=0 col=3d0025 (310,201)-(464,273)
pt: +6 cmd=30 ---G abr=0 col=930016 (464,219)-(735,323)
pt: +6 cmd=30 ---G abr=0 col=400009 (333,181)-(491,245)
pt: +6 cmd=30 ---G abr=0 col=400030 (333,161)-(491,219)
pt: +6 cmd=30 ---G abr=0 col=6e0010 (236,137)-(354,181)
pt: +6 cmd=30 ---G abr=0 col=400030 (236,120)-(354,161)
pt: +6 cmd=30 ---G abr=0 col=400030 (135,96)-(256,137)
pt: +6 cmd=30 ---G abr=0 col=930016 (135,77)-(256,120)
pt: +6 cmd=30 ---G abr=0 col=400009 (-9,44)-(156,96)
pt: +6 cmd=30 ---G abr=0 col=49000b (-9,18)-(156,77)
pt: +6 cmd=30 ---G abr=0 col=360055 (-260,-44)-(19,44)
pt: +6 cmd=30 ---G abr=0 col=930016 (-260,-86)-(19,18)
pt: +6 cmd=30 ---G abr=0 col=000000 (459,-70)-(723,80)
pt: +6 cmd=30 ---G abr=0 col=000000 (459,-70)-(699,70)
pt: +6 cmd=30 ---G abr=0 col=120002 (459,-70)-(637,44)
pt: +6 cmd=30 ---G abr=0 col=120002 (400,-70)-(510,15)
pt: +6 cmd=30 ---G abr=0 col=120002 (351,-15)-(510,30)
pt: +6 cmd=30 ---G abr=0 col=3b002f (351,15)-(510,62)
pt: +6 cmd=30 ---G abr=0 col=261654 (457,15)-(637,62)
pt: +6 cmd=30 ---G abr=0 col=400009 (457,44)-(637,94)
pt: +6 cmd=30 ---G abr=0 col=240005 (423,94)-(633,135)
pt: +6 cmd=30 ---G abr=0 col=3b002f (423,62)-(633,96)
pt: +6 cmd=30 ---G abr=0 col=240005 (320,59)-(457,96)
pt: +6 cmd=30 ---G abr=0 col=120002 (320,30)-(457,62)
pt: +6 cmd=30 ---G abr=0 col=120002 (228,13)-(351,59)
pt: +6 cmd=30 ---G abr=0 col=120002 (228,-20)-(351,30)
pt: +6 cmd=30 ---G abr=0 col=6e0010 (262,-20)-(400,30)
pt: +6 cmd=30 ---G abr=0 col=240005 (108,-68)-(262,13)
pt: +6 cmd=30 ---G abr=0 col=240005 (75,-68)-(228,13)
pt: +6 cmd=30 ---G abr=0 col=2e0007 (75,-35)-(228,37)
pt: +6 cmd=30 ---G abr=0 col=240005 (200,13)-(320,59)
pt: +6 cmd=30 ---G abr=0 col=49000b (200,37)-(320,82)
pt: +6 cmd=30 ---G abr=0 col=240005 (296,59)-(423,96)
pt: +6 cmd=30 ---G abr=0 col=490031 (296,82)-(423,121)
pt: +6 cmd=30 ---G abr=0 col=3c0b30 (397,96)-(585,135)
pt: +6 cmd=30 ---G abr=0 col=140033 (397,121)-(585,167)
pt: +6 cmd=30 ---G abr=0 col=400030 (375,142)-(549,194)
pt: +6 cmd=30 ---G abr=0 col=490031 (375,121)-(549,167)
pt: +6 cmd=30 ---G abr=0 col=6e0010 (274,101)-(397,142)
pt: +6 cmd=30 ---G abr=0 col=49000b (274,82)-(397,121)
pt: +6 cmd=30 ---G abr=0 col=400009 (177,57)-(296,101)
pt: +6 cmd=30 ---G abr=0 col=2e0007 (177,37)-(296,82)
pt: +6 cmd=30 ---G abr=0 col=6e0010 (46,-7)-(200,57)
pt: +6 cmd=30 ---G abr=0 col=3d0025 (46,-35)-(200,37)
pt: +6 cmd=30 ---G abr=0 col=49000b (-226,-86)-(46,18)
pt: +6 cmd=30 ---G abr=0 col=400009 (19,-7)-(177,57)
pt: +6 cmd=30 ---G abr=0 col=930016 (19,18)-(177,77)
pt: +6 cmd=30 ---G abr=0 col=6e0010 (156,57)-(274,101)
pt: +6 cmd=30 ---G abr=0 col=400030 (156,77)-(274,120)
pt: +6 cmd=30 ---G abr=0 col=400030 (256,101)-(375,142)
pt: +6 cmd=30 ---G abr=0 col=400030 (256,120)-(375,161)
pt: +6 cmd=30 ---G abr=0 col=400009 (354,142)-(519,194)
pt: +6 cmd=30 ---G abr=0 col=930016 (354,161)-(519,219)
pt: +6 cmd=30 ---G abr=0 col=360055 (491,194)-(769,281)
pt: +6 cmd=30 ---G abr=0 col=400009 (491,219)-(769,323)
pt: +6 cmd=68 --Q- abr=3 col=e2e2e2 (459,108)-(460,109)
pt: +6 cmd=68 --Q- abr=3 col=717171 (437,73)-(438,74)
pt: +6 cmd=68 --Q- abr=3 col=5d5d5d (225,151)-(226,152)
pt: +6 cmd=68 --Q- abr=3 col=4e4e4e (-157,-33)-(-156,-32)
pt: +6 cmd=68 --Q- abr=3 col=d7d7d7 (0,12)-(1,13)
pt: +6 cmd=68 --Q- abr=3 col=4a4a4a (212,226)-(213,227)
pt: +6 cmd=68 --Q- abr=3 col=dbdbdb (0,-155)-(1,-154)
pt: +6 cmd=68 --Q- abr=3 col=575757 (97,154)-(98,155)
pt: +6 cmd=68 --Q- abr=3 col=4d4d4d (0,12)-(1,13)
pt: +6 cmd=68 --Q- abr=3 col=e3e3e3 (108,173)-(109,174)
pt: +6 cmd=68 --Q- abr=3 col=f8f8f8 (306,161)-(307,162)
pt: +6 cmd=68 --Q- abr=3 col=c4c4c4 (277,199)-(278,200)
pt: +6 cmd=68 --Q- abr=3 col=6f6f6f (124,98)-(125,99)
pt: +6 cmd=68 --Q- abr=3 col=e5e5e5 (116,183)-(117,184)
pt: +6 cmd=68 --Q- abr=3 col=606060 (-712,12)-(-711,13)
pt: +6 cmd=68 --Q- abr=3 col=727272 (356,162)-(357,163)
pt: +6 cmd=68 --Q- abr=3 col=696969 (-299,62)-(-298,63)
pt: +6 cmd=68 --Q- abr=3 col=727272 (475,155)-(476,156)
pt: +6 cmd=68 --Q- abr=3 col=616161 (45,149)-(46,150)
pt: +6 cmd=68 --Q- abr=3 col=e6e6e6 (339,212)-(340,213)
pt: +6 cmd=68 --Q- abr=3 col=f7f7f7 (-228,12)-(-227,13)
pt: +6 cmd=68 --Q- abr=3 col=444444 (-678,-233)-(-677,-232)
pt: +6 cmd=68 --Q- abr=3 col=424242 (264,185)-(265,186)
pt: +6 cmd=68 --Q- abr=3 col=606060 (432,152)-(433,153)
pt: +6 cmd=68 --Q- abr=3 col=dedede (505,199)-(506,200)
pt: +6 cmd=68 --Q- abr=3 col=ffffff (26,21)-(27,22)
pt: +6 cmd=68 --Q- abr=3 col=606060 (-89,73)-(-88,74)
pt: +6 cmd=68 --Q- abr=3 col=dfdfdf (-69,131)-(-68,132)
pt: +6 cmd=68 --Q- abr=3 col=757575 (-441,4)-(-440,5)
pt: +6 cmd=68 --Q- abr=3 col=f0f0f0 (130,-50)-(131,-49)
pt: +6 cmd=68 --Q- abr=3 col=ededed (-326,-412)-(-325,-411)
pt: +6 cmd=68 --Q- abr=3 col=f1f1f1 (-188,31)-(-187,32)
pt: +6 cmd=68 --Q- abr=3 col=484848 (-34,-69)-(-33,-68)
pt: +6 cmd=68 --Q- abr=3 col=e9e9e9 (184,129)-(185,130)
pt: +6 cmd=68 --Q- abr=3 col=6e6e6e (475,15)-(476,16)
pt: +6 cmd=68 --Q- abr=3 col=ffffff (340,159)-(341,160)
pt: +6 cmd=68 --Q- abr=3 col=f0f0f0 (271,46)-(272,47)
pt: +6 cmd=68 --Q- abr=3 col=e6e6e6 (35,77)-(36,78)
pt: +6 cmd=68 --Q- abr=3 col=6d6d6d (-48,75)-(-47,76)
pt: +6 cmd=68 --Q- abr=3 col=cfcfcf (-18,-81)-(-17,-80)
pt: +6 cmd=68 --Q- abr=3 col=f8f8f8 (0,-14)-(1,-13)
pt: +6 cmd=68 --Q- abr=3 col=eeeeee (439,-28)-(440,-27)
pt: +6 cmd=68 --Q- abr=3 col=737373 (170,205)-(171,206)
pt: +6 cmd=68 --Q- abr=3 col=686868 (496,182)-(497,183)
pt: +6 cmd=68 --Q- abr=3 col=f5f5f5 (-220,-121)-(-219,-120)
pt: +6 cmd=68 --Q- abr=3 col=5d5d5d (-787,-36)-(-786,-35)
pt: +6 cmd=68 --Q- abr=3 col=767676 (18,104)-(19,105)
pt: +6 cmd=68 --Q- abr=3 col=f9f9f9 (293,180)-(294,181)
pt: +6 cmd=68 --Q- abr=3 col=dcdcdc (152,74)-(153,75)
pt: +6 cmd=68 --Q- abr=3 col=dfdfdf (391,204)-(392,205)
pt: +6 cmd=68 --Q- abr=3 col=7c7c7c (0,12)-(1,13)
pt: +6 cmd=68 --Q- abr=3 col=d2d2d2 (248,218)-(249,219)
pt: +6 cmd=68 --Q- abr=3 col=c8c8c8 (213,223)-(214,224)
pt: +6 cmd=68 --Q- abr=3 col=707070 (390,-3)-(391,-2)
pt: +6 cmd=68 --Q- abr=3 col=f7f7f7 (304,171)-(305,172)
pt: +6 cmd=68 --Q- abr=3 col=585858 (62,57)-(63,58)
pt: +6 cmd=68 --Q- abr=3 col=e1e1e1 (265,73)-(266,74)
pt: +6 cmd=68 --Q- abr=3 col=e0e0e0 (499,137)-(500,138)
pt: +6 cmd=68 --Q- abr=3 col=545454 (188,54)-(189,55)
pt: +6 cmd=68 --Q- abr=3 col=5f5f5f (-209,66)-(-208,67)
pt: +6 cmd=68 --Q- abr=3 col=535353 (446,157)-(447,158)
pt: +6 cmd=68 --Q- abr=3 col=ffffff (439,193)-(440,194)
pt: +6 cmd=68 --Q- abr=3 col=6d6d6d (-121,111)-(-120,112)
pt: +6 cmd=68 --Q- abr=3 col=484848 (276,123)-(277,124)
pt: +6 cmd=68 --Q- abr=3 col=efefef (79,-86)-(80,-85)
pt: +6 cmd=68 --Q- abr=3 col=dbdbdb (118,-20)-(119,-19)
pt: +6 cmd=68 --Q- abr=3 col=f4f4f4 (-15,-16)-(-14,-15)
pt: +6 cmd=68 --Q- abr=3 col=6f6f6f (323,137)-(324,138)
pt: +6 cmd=68 --Q- abr=3 col=dddddd (208,202)-(209,203)
pt: +6 cmd=68 --Q- abr=3 col=e9e9e9 (-831,74)-(-830,75)
pt: +6 cmd=68 --Q- abr=3 col=787878 (326,198)-(327,199)
pt: +6 cmd=68 --Q- abr=3 col=f9f9f9 (-14,-40)-(-13,-39)
pt: +6 cmd=68 --Q- abr=3 col=5e5e5e (506,184)-(507,185)
pt: +6 cmd=68 --Q- abr=3 col=7b7b7b (15,-34)-(16,-33)
pt: +6 cmd=68 --Q- abr=3 col=616161 (0,12)-(1,13)
pt: +6 cmd=68 --Q- abr=3 col=555555 (128,181)-(129,182)
pt: +6 cmd=68 --Q- abr=3 col=474747 (24,112)-(25,113)
pt: +6 cmd=68 --Q- abr=3 col=575757 (426,153)-(427,154)
pt: +6 cmd=68 --Q- abr=3 col=484848 (-180,83)-(-179,84)
pt: +6 cmd=68 --Q- abr=3 col=c0c0c0 (281,161)-(282,162)
pt: +6 cmd=68 --Q- abr=3 col=d9d9d9 (-412,-54)-(-411,-53)
pt: +6 cmd=68 --Q- abr=3 col=707070 (402,221)-(403,222)
pt: +6 cmd=68 --Q- abr=3 col=7f7f7f (432,191)-(433,192)
pt: +6 cmd=68 --Q- abr=3 col=666666 (404,4)-(405,5)
pt: +6 cmd=68 --Q- abr=3 col=5b5b5b (431,201)-(432,202)
pt: +6 cmd=68 --Q- abr=3 col=d5d5d5 (235,87)-(236,88)
pt: +6 cmd=68 --Q- abr=3 col=c9c9c9 (166,3)-(167,4)
pt: +6 cmd=68 --Q- abr=3 col=7b7b7b (-792,-213)-(-791,-212)
pt: +6 cmd=68 --Q- abr=3 col=525252 (0,-223)-(1,-222)
pt: +6 cmd=68 --Q- abr=3 col=c4c4c4 (205,155)-(206,156)
pt: +6 cmd=68 --Q- abr=3 col=5b5b5b (60,-40)-(61,-39)
pt: +6 cmd=68 --Q- abr=3 col=c0c0c0 (55,106)-(56,107)
pt: +6 cmd=68 --Q- abr=3 col=d0d0d0 (403,76)-(404,77)
pt: +6 cmd=68 --Q- abr=3 col=d6d6d6 (-749,-3)-(-748,-2)
pt: +6 cmd=68 --Q- abr=3 col=c1c1c1 (-109,112)-(-108,113)
pt: +6 cmd=68 --Q- abr=3 col=5f5f5f (36,137)-(37,138)
pt: +6 cmd=68 --Q- abr=3 col=ebebeb (334,171)-(335,172)
pt: +6 cmd=68 --Q- abr=3 col=d0d0d0 (-499,-156)-(-498,-155)
pt: +6 cmd=68 --Q- abr=3 col=4e4e4e (-149,-132)-(-148,-131)
pt: +6 cmd=68 --Q- abr=3 col=7b7b7b (-392,-64)-(-391,-63)
pt: +6 cmd=68 --Q- abr=3 col=5d5d5d (95,-285)-(96,-284)
pt: +6 cmd=68 --Q- abr=3 col=7f7f7f (-77,66)-(-76,67)
pt: +6 cmd=68 --Q- abr=3 col=d5d5d5 (-48,59)-(-47,60)
pt: +6 cmd=68 --Q- abr=3 col=606060 (334,155)-(335,156)
pt: +6 cmd=68 --Q- abr=3 col=cacaca (186,130)-(187,131)
pt: +6 cmd=68 --Q- abr=3 col=7f7f7f (64,108)-(65,109)
pt: +6 cmd=68 --Q- abr=3 col=ececec (-94,-52)-(-93,-51)
pt: +6 cmd=68 --Q- abr=3 col=f8f8f8 (124,134)-(125,135)
pt: +6 cmd=68 --Q- abr=3 col=e7e7e7 (470,185)-(471,186)
pt: +6 cmd=68 --Q- abr=3 col=cfcfcf (-1,91)-(0,92)
pt: +6 cmd=68 --Q- abr=3 col=454545 (402,168)-(403,169)
pt: +6 cmd=68 --Q- abr=3 col=e1e1e1 (500,215)-(501,216)
pt: +6 cmd=68 --Q- abr=3 col=cccccc (106,66)-(107,67)
pt: +6 cmd=68 --Q- abr=3 col=767676 (426,176)-(427,177)
pt: +6 cmd=68 --Q- abr=3 col=4e4e4e (-30,102)-(-29,103)
pt: +6 cmd=68 --Q- abr=3 col=6a6a6a (324,183)-(325,184)
pt: +6 cmd=68 --Q- abr=3 col=4b4b4b (-270,19)-(-269,20)
pt: +6 cmd=68 --Q- abr=3 col=fdfdfd (37,-2)-(38,-1)
pt: +6 cmd=68 --Q- abr=3 col=c2c2c2 (139,100)-(140,101)
pt: +6 cmd=68 --Q- abr=3 col=ebebeb (-95,129)-(-94,130)
pt: +6 cmd=68 --Q- abr=3 col=ffffff (0,-144)-(1,-143)
pt: +6 cmd=68 --Q- abr=3 col=cfcfcf (168,206)-(169,207)
pt: +6 cmd=68 --Q- abr=3 col=cbcbcb (372,66)-(373,67)
pt: +6 cmd=68 --Q- abr=3 col=efefef (-83,-138)-(-82,-137)
pt: +6 cmd=68 --Q- abr=3 col=4d4d4d (277,100)-(278,101)
pt: +6 cmd=68 --Q- abr=3 col=c7c7c7 (-518,-437)-(-517,-436)
pt: +6 cmd=68 --Q- abr=3 col=4a4a4a (158,93)-(159,94)
pt: +6 cmd=68 --Q- abr=3 col=f6f6f6 (-733,-17)-(-732,-16)
pt: +6 cmd=68 --Q- abr=3 col=f3f3f3 (77,34)-(78,35)
pt: +6 cmd=68 --Q- abr=3 col=f6f6f6 (441,-27)-(442,-26)
pt: +6 cmd=68 --Q- abr=3 col=cbcbcb (418,-68)-(419,-67)
pt: +6 cmd=68 --Q- abr=3 col=4e4e4e (130,138)-(131,139)
pt: +6 cmd=68 --Q- abr=3 col=7f7f7f (97,132)-(98,133)
pt: +6 cmd=68 --Q- abr=3 col=646464 (-324,88)-(-323,89)
pt: +6 cmd=68 --Q- abr=3 col=606060 (507,162)-(508,163)
pt: +6 cmd=68 --Q- abr=3 col=626262 (249,44)-(250,45)
pt: +6 cmd=68 --Q- abr=3 col=e8e8e8 (493,216)-(494,217)
pt: +6 cmd=68 --Q- abr=3 col=e0e0e0 (249,126)-(250,127)
pt: +6 cmd=68 --Q- abr=3 col=595959 (272,29)-(273,30)
pt: +6 cmd=68 --Q- abr=3 col=7b7b7b (-101,-53)-(-100,-52)
pt: +6 cmd=68 --Q- abr=3 col=c8c8c8 (346,49)-(347,50)
pt: +6 cmd=68 --Q- abr=3 col=c0c0c0 (-311,-281)-(-310,-280)
pt: +6 cmd=68 --Q- abr=3 col=545454 (259,28)-(260,29)
pt: +6 cmd=68 --Q- abr=3 col=7d7d7d (435,-293)-(436,-292)
pt: +6 cmd=68 --Q- abr=3 col=c0c0c0 (-794,12)-(-793,13)
pt: +6 cmd=68 --Q- abr=3 col=787878 (-124,-65)-(-123,-64)
pt: +6 cmd=68 --Q- abr=3 col=585858 (0,12)-(1,13)
pt: +6 cmd=68 --Q- abr=3 col=cbcbcb (-283,109)-(-282,110)
pt: +6 cmd=68 --Q- abr=3 col=c8c8c8 (153,56)-(154,57)
pt: +6 cmd=68 --Q- abr=3 col=fdfdfd (-79,110)-(-78,111)
pt: +6 cmd=68 --Q- abr=3 col=747474 (-494,49)-(-493,50)
pt: +6 cmd=68 --Q- abr=3 col=7e7e7e (336,17)-(337,18)
pt: +6 cmd=68 --Q- abr=3 col=575757 (497,123)-(498,124)
pt: +6 cmd=68 --Q- abr=3 col=6e6e6e (167,112)-(168,113)
pt: +6 cmd=68 --Q- abr=3 col=686868 (255,66)-(256,67)
pt: +6 cmd=68 --Q- abr=3 col=707070 (0,12)-(1,13)
pt: +6 cmd=68 --Q- abr=3 col=595959 (230,5)-(231,6)
pt: +6 cmd=68 --Q- abr=3 col=707070 (0,-397)-(1,-396)
pt: +6 cmd=68 --Q- abr=3 col=6d6d6d (-13,-17)-(-12,-16)
pt: +6 cmd=68 --Q- abr=3 col=e9e9e9 (122,121)-(123,122)
pt: +6 cmd=68 --Q- abr=3 col=f6f6f6 (-142,-432)-(-141,-431)
pt: +6 cmd=68 --Q- abr=3 col=d4d4d4 (349,79)-(350,80)
pt: +6 cmd=68 --Q- abr=3 col=7e7e7e (226,87)-(227,88)
pt: +6 cmd=68 --Q- abr=3 col=d8d8d8 (352,12)-(353,13)
pt: +6 cmd=68 --Q- abr=3 col=606060 (-125,-18)-(-124,-17)
pt: +6 cmd=68 --Q- abr=3 col=494949 (388,102)-(389,103)
pt: +6 cmd=68 --Q- abr=3 col=fefefe (152,197)-(153,198)
pt: +6 cmd=68 --Q- abr=3 col=545454 (30,-27)-(31,-26)
pt: +6 cmd=68 --Q- abr=3 col=4b4b4b (104,10)-(105,11)
pt: +6 cmd=68 --Q- abr=3 col=ffffff (-103,21)-(-102,22)
pt: +6 cmd=68 --Q- abr=3 col=d1d1d1 (347,19)-(348,20)
pt: +6 cmd=68 --Q- abr=3 col=505050 (292,217)-(293,218)
pt: +6 cmd=68 --Q- abr=3 col=606060 (92,12)-(93,13)
pt: +6 cmd=68 --Q- abr=3 col=c8c8c8 (177,37)-(178,38)
pt: +6 cmd=68 --Q- abr=3 col=5f5f5f (256,67)-(257,68)
pt: +6 cmd=68 --Q- abr=3 col=707070 (325,90)-(326,91)
pt: +6 cmd=68 --Q- abr=3 col=515151 (15,-31)-(16,-30)
pt: +6 cmd=68 --Q- abr=3 col=494949 (264,208)-(265,209)
pt: +6 cmd=68 --Q- abr=3 col=dcdcdc (-149,-60)-(-148,-59)
pt: +6 cmd=68 --Q- abr=3 col=c9c9c9 (-45,-90)-(-44,-89)
pt: +6 cmd=68 --Q- abr=3 col=646464 (459,160)-(460,161)
pt: +6 cmd=68 --Q- abr=3 col=dadada (-665,-383)-(-664,-382)
pt: +6 cmd=68 --Q- abr=3 col=494949 (230,48)-(231,49)
pt: +6 cmd=68 --Q- abr=3 col=f5f5f5 (185,110)-(186,111)
pt: +6 cmd=68 --Q- abr=3 col=dfdfdf (-70,-115)-(-69,-114)
pt: +6 cmd=68 --Q- abr=3 col=d0d0d0 (-372,12)-(-371,13)
pt: +6 cmd=68 --Q- abr=3 col=efefef (502,227)-(503,228)
pt: +6 cmd=68 --Q- abr=3 col=525252 (-386,-16)-(-385,-15)
pt: +6 cmd=68 --Q- abr=3 col=787878 (-191,65)-(-190,66)
pt: +6 cmd=68 --Q- abr=3 col=e8e8e8 (189,106)-(190,107)
pt: +6 cmd=68 --Q- abr=3 col=505050 (86,42)-(87,43)
pt: +6 cmd=68 --Q- abr=3 col=6f6f6f (181,87)-(182,88)
pt: +6 cmd=68 --Q- abr=3 col=6f6f6f (-214,-221)-(-213,-220)
pt: +6 cmd=68 --Q- abr=3 col=cecece (-1010,-20)-(-1009,-19)
pt: +6 cmd=68 --Q- abr=3 col=c5c5c5 (167,175)-(168,176)
pt: +6 cmd=68 --Q- abr=3 col=e8e8e8 (0,12)-(1,13)
pt: +6 cmd=68 --Q- abr=3 col=444444 (-146,-60)-(-145,-59)
pt: +6 cmd=68 --Q- abr=3 col=686868 (238,58)-(239,59)
pt: +6 cmd=68 --Q- abr=3 col=d9d9d9 (-16,145)-(-15,146)
pt: +6 cmd=68 --Q- abr=3 col=7c7c7c (240,27)-(241,28)
pt: +6 cmd=68 --Q- abr=3 col=d8d8d8 (-13,104)-(-12,105)
pt: +6 cmd=68 --Q- abr=3 col=e0e0e0 (-436,-21)-(-435,-20)
pt: +6 cmd=68 --Q- abr=3 col=cecece (0,12)-(1,13)
pt: +6 cmd=68 --Q- abr=3 col=797979 (-479,-320)-(-478,-319)
pt: +6 cmd=68 --Q- abr=3 col=616161 (-65,61)-(-64,62)
pt: +6 cmd=68 --Q- abr=3 col=eaeaea (487,161)-(488,162)
pt: +6 cmd=68 --Q- abr=3 col=5b5b5b (138,5)-(139,6)
pt: +6 cmd=68 --Q- abr=3 col=ebebeb (-214,112)-(-213,113)
pt: +6 cmd=68 --Q- abr=3 col=dddddd (70,36)-(71,37)
pt: +6 cmd=68 --Q- abr=3 col=dddddd (356,205)-(357,206)
pt: +6 cmd=68 --Q- abr=3 col=e9e9e9 (193,108)-(194,109)
pt: +6 cmd=68 --Q- abr=3 col=797979 (127,125)-(128,126)
pt: +6 cmd=68 --Q- abr=3 col=444444 (251,91)-(252,92)
pt: +6 cmd=68 --Q- abr=3 col=727272 (275,28)-(276,29)
pt: +6 cmd=68 --Q- abr=3 col=ededed (113,156)-(114,157)
pt: +6 cmd=68 --Q- abr=3 col=dedede (357,3)-(358,4)
pt: +6 cmd=68 --Q- abr=3 col=757575 (142,90)-(143,91)
pt: +6 cmd=68 --Q- abr=3 col=e7e7e7 (33,40)-(34,41)
pt: +6 cmd=68 --Q- abr=3 col=7a7a7a (391,163)-(392,164)
pt: +6 cmd=68 --Q- abr=3 col=d9d9d9 (385,201)-(386,202)
pt: +6 cmd=68 --Q- abr=3 col=464646 (0,45)-(1,46)
pt: +6 cmd=68 --Q- abr=3 col=dbdbdb (100,112)-(101,113)
pt: +6 cmd=68 --Q- abr=3 col=d8d8d8 (0,12)-(1,13)
pt: +6 cmd=68 --Q- abr=3 col=c4c4c4 (294,-76)-(295,-75)
pt: +6 cmd=68 --Q- abr=3 col=efefef (321,222)-(322,223)
pt: +6 cmd=68 --Q- abr=3 col=d0d0d0 (120,109)-(121,110)
pt: +6 cmd=68 --Q- abr=3 col=dbdbdb (373,129)-(374,130)
pt: +6 cmd=68 --Q- abr=3 col=d2d2d2 (196,224)-(197,225)
pt: +6 cmd=68 --Q- abr=3 col=646464 (454,109)-(455,110)
pt: +6 cmd=68 --Q- abr=3 col=f7f7f7 (-284,-356)-(-283,-355)
pt: +6 cmd=68 --Q- abr=3 col=d2d2d2 (116,51)-(117,52)
pt: +6 cmd=68 --Q- abr=3 col=585858 (183,40)-(184,41)
pt: +6 cmd=68 --Q- abr=3 col=474747 (253,111)-(254,112)
pt: +6 cmd=68 --Q- abr=3 col=c0c0c0 (283,183)-(284,184)
pt: +6 cmd=68 --Q- abr=3 col=5a5a5a (441,144)-(442,145)
pt: +6 cmd=68 --Q- abr=3 col=f6f6f6 (0,10)-(1,11)
pt: +6 cmd=68 --Q- abr=3 col=e1e1e1 (210,113)-(211,114)
pt: +6 cmd=68 --Q- abr=3 col=484848 (437,154)-(438,155)
pt: +6 cmd=68 --Q- abr=3 col=eeeeee (466,203)-(467,204)
pt: +6 cmd=68 --Q- abr=3 col=5b5b5b (168,167)-(169,168)
pt: +6 cmd=68 --Q- abr=3 col=7f7f7f (-159,-31)-(-158,-30)
pt: +6 cmd=68 --Q- abr=3 col=717171 (102,-160)-(103,-159)
pt: +6 cmd=68 --Q- abr=3 col=404040 (-191,-50)-(-190,-49)
pt: +6 cmd=68 --Q- abr=3 col=606060 (456,148)-(457,149)
pt: +6 cmd=68 --Q- abr=3 col=eaeaea (-198,56)-(-197,57)
pt: +6 cmd=68 --Q- abr=3 col=464646 (0,24)-(1,25)
pt: +6 cmd=68 --Q- abr=3 col=5f5f5f (80,72)-(81,73)
pt: +6 cmd=68 --Q- abr=3 col=ffffff (427,101)-(428,102)
pt: +6 cmd=68 --Q- abr=3 col=525252 (0,-10)-(1,-9)
pt: +6 cmd=68 --Q- abr=3 col=787878 (273,109)-(274,110)
pt: +6 cmd=68 --Q- abr=3 col=676767 (-285,38)-(-284,39)
pt: +6 cmd=68 --Q- abr=3 col=cdcdcd (179,-210)-(180,-209)
pt: +6 cmd=68 --Q- abr=3 col=707070 (-156,52)-(-155,53)
pt: +6 cmd=68 --Q- abr=3 col=7f7f7f (0,12)-(1,13)
pt: +6 cmd=68 --Q- abr=3 col=cdcdcd (179,64)-(180,65)
pt: +6 cmd=68 --Q- abr=3 col=e8e8e8 (47,-121)-(48,-120)
pt: +6 cmd=68 --Q- abr=3 col=6c6c6c (0,12)-(1,13)
pt: +6 cmd=68 --Q- abr=3 col=e5e5e5 (0,12)-(1,13)
pt: +6 cmd=68 --Q- abr=3 col=6f6f6f (33,39)-(34,40)
pt: +6 cmd=68 --Q- abr=3 col=5f5f5f (-75,-250)-(-74,-249)
pt: +6 cmd=68 --Q- abr=3 col=d8d8d8 (213,146)-(214,147)
pt: +6 cmd=68 --Q- abr=3 col=6b6b6b (55,0)-(56,1)
pt: +6 cmd=68 --Q- abr=3 col=505050 (-68,46)-(-67,47)
pt: +6 cmd=68 --Q- abr=3 col=757575 (146,-72)-(147,-71)
pt: +6 cmd=68 --Q- abr=3 col=cbcbcb (-219,-19)-(-218,-18)
pt: +6 cmd=68 --Q- abr=3 col=444444 (260,165)-(261,166)
pt: +6 cmd=68 --Q- abr=3 col=e7e7e7 (-72,13)-(-71,14)
pt: +6 cmd=68 --Q- abr=3 col=f6f6f6 (9,143)-(10,144)
pt: +6 cmd=68 --Q- abr=3 col=c9c9c9 (304,91)-(305,92)
pt: +6 cmd=68 --Q- abr=3 col=fcfcfc (0,12)-(1,13)
pt: +6 cmd=68 --Q- abr=3 col=424242 (-185,95)-(-184,96)
pt: +6 cmd=68 --Q- abr=3 col=dfdfdf (-959,12)-(-958,13)
pt: +6 cmd=68 --Q- abr=3 col=727272 (164,116)-(165,117)
pt: +6 cmd=68 --Q- abr=3 col=dedede (345,190)-(346,191)
pt: +6 cmd=68 --Q- abr=3 col=6d6d6d (474,180)-(475,181)
pt: +6 cmd=68 --Q- abr=3 col=666666 (0,12)-(1,13)
pt: +6 cmd=68 --Q- abr=3 col=6f6f6f (-11,19)-(-10,20)
pt: +6 cmd=68 --Q- abr=3 col=616161 (216,110)-(217,111)
pt: +6 cmd=68 --Q- abr=3 col=5d5d5d (90,92)-(91,93)
pt: +6 cmd=68 --Q- abr=3 col=626262 (0,12)-(1,13)
pt: +6 cmd=68 --Q- abr=3 col=d8d8d8 (-194,-253)-(-193,-252)
pt: +6 cmd=68 --Q- abr=3 col=4b4b4b (-146,115)-(-145,116)
pt: +6 cmd=68 --Q- abr=3 col=ededed (46,-32)-(47,-31)
pt: +6 cmd=68 --Q- abr=3 col=f0f0f0 (26,86)-(27,87)
pt: +6 cmd=68 --Q- abr=3 col=fdfdfd (52,-9)-(53,-8)
pt: +6 cmd=68 --Q- abr=3 col=4e4e4e (59,1)-(60,2)
pt: +6 cmd=68 --Q- abr=3 col=fefefe (397,157)-(398,158)
pt: +6 cmd=68 --Q- abr=3 col=f1f1f1 (94,153)-(95,154)
pt: +6 cmd=68 --Q- abr=3 col=575757 (29,57)-(30,58)
pt: +6 cmd=68 --Q- abr=3 col=505050 (-850,-39)-(-849,-38)
pt: +6 cmd=68 --Q- abr=3 col=f0f0f0 (242,204)-(243,205)
pt: +6 cmd=68 --Q- abr=3 col=fbfbfb (0,-91)-(1,-90)
pt: +6 cmd=68 --Q- abr=3 col=c4c4c4 (162,85)-(163,86)
pt: +6 cmd=68 --Q- abr=3 col=656565 (372,120)-(373,121)
pt: +6 cmd=68 --Q- abr=3 col=e0e0e0 (5,128)-(6,129)
pt: +6 cmd=68 --Q- abr=3 col=717171 (24,74)-(25,75)
pt: +6 cmd=68 --Q- abr=3 col=f6f6f6 (201,46)-(202,47)
pt: +6 cmd=68 --Q- abr=3 col=e0e0e0 (-105,38)-(-104,39)
pt: +6 cmd=68 --Q- abr=3 col=6a6a6a (-38,-16)-(-37,-15)
pt: +6 cmd=68 --Q- abr=3 col=464646 (49,16)-(50,17)
pt: +6 cmd=68 --Q- abr=3 col=4b4b4b (-79,131)-(-78,132)
pt: +6 cmd=68 --Q- abr=3 col=ffffff (-401,25)-(-400,26)
pt: +6 cmd=68 --Q- abr=3 col=515151 (-309,-186)-(-308,-185)
pt: +6 cmd=68 --Q- abr=3 col=606060 (159,54)-(160,55)
pt: +6 cmd=68 --Q- abr=3 col=464646 (84,168)-(85,169)
pt: +6 cmd=68 --Q- abr=3 col=626262 (413,145)-(414,146)
pt: +6 cmd=68 --Q- abr=3 col=cdcdcd (298,18)-(299,19)
pt: +6 cmd=68 --Q- abr=3 col=757575 (-499,57)-(-498,58)
pt: +6 cmd=68 --Q- abr=3 col=efefef (-215,-59)-(-214,-58)
pt: +6 cmd=68 --Q- abr=3 col=414141 (157,93)-(158,94)
pt: +6 cmd=68 --Q- abr=3 col=494949 (394,126)-(395,127)
pt: +6 cmd=68 --Q- abr=3 col=c4c4c4 (221,76)-(222,77)
pt: +6 cmd=68 --Q- abr=3 col=777777 (157,147)-(158,148)
pt: +6 cmd=68 --Q- abr=3 col=c8c8c8 (-104,105)-(-103,106)
pt: +6 cmd=68 --Q- abr=3 col=d0d0d0 (391,201)-(392,202)
pt: +6 cmd=68 --Q- abr=3 col=e4e4e4 (45,124)-(46,125)
pt: +6 cmd=68 --Q- abr=3 col=6f6f6f (-32,-166)-(-31,-165)
pt: +6 cmd=68 --Q- abr=3 col=eeeeee (330,72)-(331,73)
pt: +6 cmd=68 --Q- abr=3 col=efefef (-425,-199)-(-424,-198)
pt: +6 cmd=68 --Q- abr=3 col=dddddd (357,-195)-(358,-194)
pt: +6 cmd=68 --Q- abr=3 col=767676 (-309,22)-(-308,23)
pt: +6 cmd=68 --Q- abr=3 col=d6d6d6 (-63,84)-(-62,85)
pt: +6 cmd=68 --Q- abr=3 col=dfdfdf (391,204)-(392,205)
pt: +6 cmd=68 --Q- abr=3 col=6b6b6b (-155,4)-(-154,5)
pt: +6 cmd=68 --Q- abr=3 col=7c7c7c (8,12)-(9,13)
pt: +6 cmd=68 --Q- abr=3 col=626262 (121,141)-(122,142)
pt: +6 cmd=68 --Q- abr=3 col=585858 (157,28)-(158,29)
pt: +6 cmd=68 --Q- abr=3 col=4f4f4f (201,202)-(202,203)
pt: +6 cmd=68 --Q- abr=3 col=787878 (213,112)-(214,113)
pt: +6 cmd=68 --Q- abr=3 col=525252 (307,132)-(308,133)
pt: +6 cmd=2a S-Q- abr=2 col=404040 (0,0)-(512,240)
pt: +6 cmd=f5 ---- abr=0 col=000000 (0,0)-(0,0)
pt: +7 cmd=f8 ---- abr=0 col=000002 (0,0)-(0,0)
pt: +7 cmd=e3 ---- abr=0 col=003200 (512,12)-(0,0)
pt: +7 cmd=e4 ---- abr=0 col=038fff (1023,227)-(0,0)
pt: +7 cmd=e5 ---- abr=0 col=000000 (512,12)-(0,0)
pt: +7 cmd=02 ---- abr=0 col=000000 (512,12)-(1024,228)
pt: +7 cmd=01 ---- abr=0 col=000000 (0,12)-(512,228)
pt: +7 cmd=30 ---G abr=0 col=000000 (-212,163)-(56,309)
pt: +7 cmd=30 ---G abr=0 col=000000 (-188,173)-(56,309)
pt: +7 cmd=30 ---G abr=0 col=120002 (-124,197)-(56,309)
pt: +7 cmd=30 ---G abr=0 col=120002 (1,224)-(115,309)
pt: +7 cmd=30 ---G abr=0 col=120002 (1,209)-(161,254)
pt: +7 cmd=30 ---G abr=0 col=3b002f (1,177)-(161,224)
pt: +7 cmd=30 ---G abr=0 col=261654 (-124,177)-(54,224)
pt: +7 cmd=30 ---G abr=0 col=400009 (-124,149)-(54,197)
pt: +7 cmd=30 ---G abr=0 col=240005 (-122,106)-(88,149)
pt: +7 cmd=30 ---G abr=0 col=3b002f (-122,144)-(88,177)
pt: +7 cmd=30 ---G abr=0 col=240005 (54,144)-(192,180)
pt: +7 cmd=30 ---G abr=0 col=120002 (54,177)-(192,209)
pt: +7 cmd=30 ---G abr=0 col=120002 (161,180)-(285,225)
pt: +7 cmd=30 ---G abr=0 col=120002 (161,209)-(285,257)
pt: +7 cmd=30 ---G abr=0 col=6e0010 (115,209)-(251,257)
pt: +7 cmd=30 ---G abr=0 col=240005 (251,225)-(407,304)
pt: +7 cmd=30 ---G abr=0 col=240005 (285,225)-(439,304)
pt: +7 cmd=30 ---G abr=0 col=2e0007 (285,200)-(439,270)
pt: +7 cmd=30 ---G abr=0 col=240005 (192,180)-(312,225)
pt: +7 cmd=30 ---G abr=0 col=49000b (192,157)-(312,200)
pt: +7 cmd=30 ---G abr=0 col=240005 (88,144)-(216,180)
pt: +7 cmd=30 ---G abr=0 col=490031 (88,118)-(216,157)
pt: +7 cmd=30 ---G abr=0 col=3c0b30 (-76,106)-(113,144)
pt: +7 cmd=30 ---G abr=0 col=3c0b30 (-76,74)-(113,118)
pt: +7 cmd=30 ---G abr=0 col=400030 (-41,46)-(134,97)
pt: +7 cmd=36 ST-G abr=2 col=5c5c5c (248,112)-(270,131)
pt: +7 cmd=36 ST-G abr=2 col=5c5c5c (257,112)-(279,131)
pt: +7 cmd=2a S-Q- abr=2 col=262626 (0,0)-(512,240)
pt: +7 cmd=f5 ---- abr=0 col=000200 (512,0)-(0,0)
pt: +8 cmd=f8 ---- abr=0 col=000002 (0,0)-(0,0)
pt: +8 cmd=e3 ---- abr=0 col=003000 (0,12)-(0,0)
pt: +8 cmd=e4 ---- abr=0 col=038dff (511,227)-(0,0)
pt: +8 cmd=e5 ---- abr=0 col=000000 (0,12)-(0,0)
pt: +8 cmd=02 ---- abr=0 col=000000 (0,12)-(512,228)
pt: +8 cmd=01 ---- abr=0 col=000000 (0,12)-(512,228)
pt: +8 cmd=36 ST-G abr=2 col=5c5c5c (243,117)-(267,133)
pt: +8 cmd=36 ST-G abr=2 col=5c5c5c (246,117)-(270,133)
pt: +8 cmd=f5 ---- abr=0 col=000000 (0,0)-(0,0)
pt: +9 cmd=f8 ---- abr=0 col=000002 (0,0)-(0,0)
pt: +9 cmd=e3 ---- abr=0 col=003200 (512,12)-(0,0)
pt: +9 cmd=e4 ---- abr=0 col=038fff (1023,227)-(0,0)
pt: +9 cmd=e5 ---- abr=0 col=000000 (512,12)-(0,0)
pt: +9 cmd=02 ---- abr=0 col=000000 (512,12)-(1024,228)
pt: +9 cmd=01 ---- abr=0 col=000000 (0,12)-(512,228)
pt: +9 cmd=36 ST-G abr=2 col=5c5c5c (231,112)-(265,125)
pt: +9 cmd=36 ST-G abr=2 col=5c5c5c (231,121)-(265,133)
pt: +9 cmd=f5 ---- abr=0 col=000200 (512,0)-(0,0)
pt: +10 cmd=f8 ---- abr=0 col=000002 (0,0)-(0,0)
pt: +10 cmd=e3 ---- abr=0 col=003000 (0,12)-(0,0)
pt: +10 cmd=e4 ---- abr=0 col=038dff (511,227)-(0,0)
pt: +10 cmd=e5 ---- abr=0 col=000000 (0,12)-(0,0)
pt: +10 cmd=02 ---- abr=0 col=000000 (0,12)-(512,228)
pt: +10 cmd=01 ---- abr=0 col=000000 (0,12)-(512,228)
pt: +10 cmd=36 ST-G abr=2 col=5c5c5c (243,106)-(264,127)
pt: +10 cmd=36 ST-G abr=2 col=5c5c5c (231,106)-(252,127)
pt: +10 cmd=f5 ---- abr=0 col=000000 (0,0)-(0,0)
pt: +11 cmd=f8 ---- abr=0 col=000002 (0,0)-(0,0)
pt: +11 cmd=e3 ---- abr=0 col=003200 (512,12)-(0,0)
pt: +11 cmd=e4 ---- abr=0 col=038fff (1023,227)-(0,0)
pt: +11 cmd=e5 ---- abr=0 col=000000 (512,12)-(0,0)
pt: +11 cmd=02 ---- abr=0 col=000000 (512,12)-(1024,228)
pt: +11 cmd=01 ---- abr=0 col=000000 (0,12)-(512,228)
pt: +11 cmd=36 ST-G abr=2 col=5c5c5c (243,107)-(270,122)
pt: +11 cmd=36 ST-G abr=2 col=5c5c5c (243,105)-(270,121)
pt: +11 cmd=f5 ---- abr=0 col=000200 (512,0)-(0,0)
pt: +12 cmd=f8 ---- abr=0 col=000002 (0,0)-(0,0)
pt: +12 cmd=e3 ---- abr=0 col=003000 (0,12)-(0,0)
pt: +12 cmd=e4 ---- abr=0 col=038dff (511,227)-(0,0)
pt: +12 cmd=e5 ---- abr=0 col=000000 (0,12)-(0,0)
pt: +12 cmd=02 ---- abr=0 col=000000 (0,12)-(512,228)
pt: +12 cmd=01 ---- abr=0 col=000000 (0,12)-(512,228)
pt: +12 cmd=36 ST-G abr=2 col=5c5c5c (249,112)-(280,128)
pt: +12 cmd=36 ST-G abr=2 col=5c5c5c (249,108)-(280,123)
pt: +12 cmd=f5 ---- abr=0 col=000000 (0,0)-(0,0)
pt: +13 cmd=f8 ---- abr=0 col=000002 (0,0)-(0,0)
pt: +13 cmd=e3 ---- abr=0 col=003200 (512,12)-(0,0)
pt: +13 cmd=e4 ---- abr=0 col=038fff (1023,227)-(0,0)
pt: +13 cmd=e5 ---- abr=0 col=000000 (512,12)-(0,0)
pt: +13 cmd=02 ---- abr=0 col=000000 (512,12)-(1024,228)
pt: +13 cmd=01 ---- abr=0 col=000000 (0,12)-(512,228)
pt: +13 cmd=36 ST-G abr=2 col=5c5c5c (243,113)-(264,136)
pt: +13 cmd=36 ST-G abr=2 col=5c5c5c (259,113)-(280,136)
pt: +13 cmd=f5 ---- abr=0 col=000200 (512,0)-(0,0)
pt: +14 cmd=f8 ---- abr=0 col=000002 (0,0)-(0,0)
pt: +14 cmd=e3 ---- abr=0 col=003000 (0,12)-(0,0)
pt: +14 cmd=e4 ---- abr=0 col=038dff (511,227)-(0,0)
pt: +14 cmd=e5 ---- abr=0 col=000000 (0,12)-(0,0)
pt: +14 cmd=02 ---- abr=0 col=000000 (0,12)-(512,228)
pt: +14 cmd=01 ---- abr=0 col=000000 (0,12)-(512,228)
pt: +14 cmd=36 ST-G abr=2 col=5c5c5c (232,113)-(268,127)
pt: +14 cmd=36 ST-G abr=2 col=5c5c5c (232,122)-(268,136)
pt: +14 cmd=f5 ---- abr=0 col=000000 (0,0)-(0,0)
pt: +15 cmd=f8 ---- abr=0 col=000002 (0,0)-(0,0)
pt: +15 cmd=e3 ---- abr=0 col=003200 (512,12)-(0,0)
pt: +15 cmd=e4 ---- abr=0 col=038fff (1023,227)-(0,0)
pt: +15 cmd=e5 ---- abr=0 col=000000 (512,12)-(0,0)
pt: +15 cmd=02 ---- abr=0 col=000000 (512,12)-(1024,228)
pt: +15 cmd=01 ---- abr=0 col=000000 (0,12)-(512,228)
pt: +15 cmd=36 ST-G abr=2 col=5c5c5c (235,108)-(262,128)
pt: +15 cmd=36 ST-G abr=2 col=5c5c5c (229,108)-(256,128)
pt: +15 cmd=f5 ---- abr=0 col=000200 (512,0)-(0,0)
ogxeq: n=1383250 mism=0 hole=0
ogxdraw: ft=17444 gt=2178436 uni_ft=4170 uni_gt=433108 vram_wr=244178 inval=3983
ogxud: gt=1 nv=3 mode=0 page=26 clut=6024 tex=1 256x256 semi=3 texel=0000 uv1024=(128,128)(4,4)(128,4)(0,0)
ogxud: gt=1 nv=3 mode=0 page=26 clut=6024 tex=1 256x256 semi=3 texel=0000 uv1024=(4,128)(128,128)(4,4)(0,0)
ogxud: gt=1 nv=3 mode=0 page=26 clut=6024 tex=1 256x256 semi=3 texel=0000 uv1024=(128,128)(4,4)(128,4)(0,0)
ogxud: gt=1 nv=3 mode=0 page=26 clut=6024 tex=1 256x256 semi=3 texel=0000 uv1024=(4,128)(128,128)(4,4)(0,0)
ogxud: gt=1 nv=3 mode=0 page=26 clut=6024 tex=1 256x256 semi=3 texel=0000 uv1024=(128,128)(4,4)(128,4)(0,0)
ogxud: gt=1 nv=3 mode=0 page=26 clut=6024 tex=1 256x256 semi=3 texel=0000 uv1024=(4,128)(128,128)(4,4)(0,0)
ogxud: gt=1 nv=3 mode=0 page=26 clut=6024 tex=1 256x256 semi=1 texel=0000 uv1024=(264,128)(140,4)(264,4)(0,0)
ogxud: gt=1 nv=3 mode=0 page=26 clut=6024 tex=1 256x256 semi=1 texel=0000 uv1024=(140,128)(264,128)(140,4)(0,0)
cd: reads=3195 bytes=7514640 seq=3158 rand=37 worst_us=1295 total_us=96340
cdpf: hit=0 miss=0 reads=0
chd: hit=0 miss=0 err=0 chd_us=0
xa: sectors=0 starts=0 fed=0 trunc=0 fill_min=0 fill_max=0 freq=0 stereo=0 dt_min=0 dt_max=0 filtered=0
xamix: mix=0 hold=0 gaps=0 gap_calls=0 gap_samples=0 | spu: ns=5965920 pulls=0 busy=71 desync=0 aev=3072 | out: dry=814619 drop=0
rate: ppm=-5000 i=-1344 min=-5000 max=108 occ_min=0 occ_max=6479 occ_avg=1459 updates=14327 sat=7283 changes=0 prefill=7168 | limit: debt_max=1250 debt_drops=1875
menu: frames=0 menu_us=0 strings=145058 glyphs=489048 texloads=489048
